Date,ADBE,AMD,AMGN,GOOG,NXPI,PCAR,REGN,ROST,TEAM,TSLA
2022-05-02 04:00:00,407.29,89.84,230.92,117.157,177.0,56.0067,652.02,101.32,235.28,300.98
2022-05-03 04:00:00,407.58,91.13,232.19,118.1295,178.07,56.72,660.49,100.45,223.54,303.0833
2022-05-04 04:00:00,423.35,99.42,236.1,122.575,185.92,58.6733,660.86,103.92,234.7,317.54
2022-05-05 04:00:00,400.51,93.87,234.35,116.7465,178.37,56.8,639.37,99.89,212.71,291.0933
2022-05-06 04:00:00,391.01,95.34,236.5,115.66,177.58,56.3333,623.05,96.24,202.26,288.55
2022-05-09 04:00:00,376.91,86.36,239.24,113.084,172.9,56.9,599.77,93.41,183.35,262.37
2022-05-10 04:00:00,393.03,88.73,240.71,114.5845,178.44,55.8333,615.09,89.62,180.98,266.68
2022-05-11 04:00:00,379.33,87.92,240.64,113.961,170.87,55.0733,613.05,87.85,169.28,244.6667
2022-05-12 04:00:00,388.49,87.06,244.72,113.161,173.66,55.66,633.96,89.12,168.24,242.6667
2022-05-13 04:00:00,405.45,95.12,243.4,116.5155,181.99,55.8333,645.52,92.06,188.9,256.53
2022-05-16 04:00:00,402.86,94.24,243.87,114.7925,176.99,55.52,655.01,91.81,177.0,241.4567
2022-05-17 04:00:00,409.65,102.47,245.35,116.7015,185.64,56.7333,667.56,93.06,174.43,253.87
2022-05-18 04:00:00,397.88,96.28,243.96,112.401,175.39,54.1133,659.2,92.8,162.49,236.6033
2022-05-19 04:00:00,394.38,96.67,244.77,110.7455,175.79,54.28,657.15,92.7,174.75,236.4733
2022-05-20 04:00:00,399.09,93.5,247.5,109.313,180.11,53.2067,661.14,71.87,177.4,221.3
2022-05-23 04:00:00,406.76,95.07,249.04,111.6665,180.69,54.5733,681.91,78.75,177.7,224.9667
2022-05-24 04:00:00,398.41,91.16,251.89,105.926,179.12,54.8267,686.02,77.61,164.17,209.3867
2022-05-25 04:00:00,402.5,92.65,253.01,105.8395,184.63,55.68,690.88,81.36,170.75,219.6
2022-05-26 04:00:00,408.6,98.75,253.05,108.296,192.63,56.0933,683.44,86.99,175.18,235.91
2022-05-27 04:00:00,428.22,102.26,255.26,112.799,195.93,57.1133,692.8,87.31,184.78,253.21
2022-05-31 04:00:00,416.48,101.86,256.74,114.039,189.76,57.8933,664.74,85.02,177.32,252.7533
2022-06-01 04:00:00,418.16,101.22,253.42,114.137,184.57,59.0267,658.92,82.66,179.25,246.79
2022-06-02 04:00:00,441.28,108.59,248.28,117.746,187.94,59.3,630.7,83.21,196.62,258.3333
2022-06-03 04:00:00,429.76,106.3,248.45,114.564,182.37,58.86,630.35,82.72,190.57,234.5167
2022-06-06 04:00:00,429.46,105.65,245.44,117.0105,180.01,59.0933,609.03,81.33,190.27,238.28
2022-06-07 04:00:00,433.42,105.28,246.41,117.2295,181.83,59.32,613.98,80.51,200.85,238.8867
2022-06-08 04:00:00,428.84,101.9,245.48,117.238,177.07,59.5867,607.76,81.05,200.8,241.8667
2022-06-09 04:00:00,426.42,98.8,241.75,114.918,184.22,58.6867,575.48,79.76,196.06,239.7067
2022-06-10 04:00:00,393.84,94.82,240.01,111.4275,178.57,56.7333,571.81,77.2,183.81,232.23
2022-06-13 04:00:00,371.65,86.99,236.77,106.8765,168.52,55.32,549.3,74.83,166.29,215.7367
2022-06-14 04:00:00,370.82,86.99,235.7,107.194,168.29,56.1067,548.35,74.0,167.68,220.89
2022-06-15 04:00:00,376.92,89.3,235.58,110.3905,168.94,57.2333,561.19,76.0,179.66,233.0
2022-06-16 04:00:00,365.08,82.05,230.71,106.636,158.32,54.38,556.75,73.61,165.74,213.1
2022-06-17 04:00:00,360.79,81.57,234.72,107.8655,157.83,54.6133,580.95,74.76,178.55,216.76
2022-06-21 04:00:00,362.99,83.79,238.41,112.015,159.09,56.34,587.67,75.1,183.0,237.0367
2022-06-22 04:00:00,365.33,83.75,240.14,112.034,156.95,55.7133,586.84,72.81,185.4,236.0867
2022-06-23 04:00:00,376.64,82.43,243.09,112.6845,153.51,54.3867,607.39,73.98,193.26,235.07
2022-06-24 04:00:00,387.72,87.08,245.37,118.538,159.32,56.14,612.49,77.53,205.32,245.7067
2022-06-27 04:00:00,381.07,86.16,244.85,116.6225,158.86,55.88,602.4,76.34,202.21,244.92
2022-06-28 04:00:00,365.63,80.78,243.51,112.5715,154.22,55.4733,594.42,72.78,192.6,232.6633
2022-06-29 04:00:00,368.5,77.99,245.43,112.2565,150.02,55.42,597.62,71.81,192.36,228.49
2022-06-30 04:00:00,366.06,76.47,243.3,109.3725,148.03,54.8933,591.13,70.23,187.4,224.4733
2022-07-01 04:00:00,368.48,73.67,245.55,109.081,146.09,55.26,595.4,71.38,197.51,227.2633
2022-07-05 04:00:00,376.49,75.2,246.73,113.887,145.91,54.5733,596.56,73.82,208.39,233.0667
2022-07-06 04:00:00,382.83,75.35,245.25,115.2135,145.75,54.2133,594.9,73.99,207.85,231.7333
2022-07-07 04:00:00,390.89,79.3,247.42,119.306,152.02,54.8267,607.45,76.54,213.77,244.5433
2022-07-08 04:00:00,389.44,79.35,248.48,120.1685,154.28,54.0467,621.57,75.46,214.08,250.7633
2022-07-11 04:00:00,384.16,76.95,247.78,116.5225,151.96,52.86,614.46,74.6,211.03,234.3433
2022-07-12 04:00:00,375.54,76.36,246.97,114.8495,152.24,53.5467,610.09,75.07,192.67,233.07
2022-07-13 04:00:00,371.94,77.52,247.09,112.187,155.01,52.88,602.02,76.33,194.47,237.04
2022-07-14 04:00:00,372.96,78.6,245.59,111.44,159.82,52.72,598.86,76.97,184.98,238.3133
2022-07-15 04:00:00,379.86,81.11,248.69,112.767,163.98,53.3667,607.54,77.98,188.89,240.0667
2022-07-18 04:00:00,375.23,81.43,243.84,109.91,161.92,53.54,586.7,79.12,187.97,240.5467
2022-07-19 04:00:00,387.83,85.88,247.32,114.62,170.43,56.0267,595.73,81.17,191.59,245.53
2022-07-20 04:00:00,401.49,89.43,246.63,114.7,176.48,56.2267,594.59,82.48,213.04,247.5
2022-07-21 04:00:00,408.91,91.09,245.78,115.04,179.95,56.3333,592.44,83.61,214.18,271.7067
2022-07-22 04:00:00,401.9,88.1,245.95,108.36,175.14,56.4867,586.11,83.24,202.27,272.2433
2022-07-25 04:00:00,391.96,87.54,248.72,108.21,174.13,57.3533,587.28,82.63,196.05,268.4333
2022-07-26 04:00:00,379.26,85.25,251.14,105.44,174.46,57.98,582.56,77.96,187.61,258.86
2022-07-27 04:00:00,392.78,89.82,251.72,113.6,181.42,59.38,587.91,80.27,197.28,274.82
2022-07-28 04:00:00,403.5,91.67,249.75,114.59,183.12,60.6533,582.37,81.4,204.85,280.9
2022-07-29 04:00:00,410.12,94.47,247.47,116.64,183.88,61.0133,581.69,81.26,209.32,297.15
2022-08-01 04:00:00,411.09,96.78,245.64,115.48,184.5,60.5533,576.68,82.3,210.59,297.2767
2022-08-02 04:00:00,409.96,99.29,243.91,115.9,180.47,60.1533,574.96,79.83,214.21,300.5867
2022-08-03 04:00:00,424.54,98.09,247.14,118.78,185.55,60.56,608.77,84.58,225.14,307.3967
2022-08-04 04:00:00,430.59,103.91,246.98,118.87,184.26,60.5867,614.96,83.76,230.41,308.6333
2022-08-05 04:00:00,433.43,102.31,246.25,118.22,181.66,60.7533,613.61,84.23,268.59,288.17
2022-08-08 04:00:00,434.34,100.07,247.29,118.14,179.96,61.06,630.63,85.31,279.35,290.4233
2022-08-09 04:00:00,426.57,95.54,248.36,117.5,171.04,60.9133,622.15,84.46,278.86,283.3333
2022-08-10 04:00:00,438.4,99.05,252.09,120.65,179.97,62.1667,641.49,86.18,286.19,294.3567
2022-08-11 04:00:00,434.89,98.12,248.35,119.82,180.38,62.0,623.9,88.15,275.8,286.63
2022-08-12 04:00:00,445.67,100.83,248.39,122.65,187.47,62.4867,628.71,90.12,283.25,300.03
2022-08-15 04:00:00,451.02,101.01,251.08,122.88,187.57,62.8267,643.29,90.16,288.47,309.32
2022-08-16 04:00:00,447.56,100.2,253.15,122.51,185.85,63.1867,648.7,92.64,289.36,306.5633
2022-08-17 04:00:00,437.82,98.27,250.58,120.32,180.22,62.3467,636.34,92.82,284.26,303.9967
2022-08-18 04:00:00,439.03,100.44,249.7,120.86,182.76,62.8133,624.83,92.0,283.37,302.87
2022-08-19 04:00:00,425.055,95.95,250.86,118.12,180.33,62.02,618.36,91.01,269.34,296.6667
2022-08-22 04:00:00,411.35,92.84,246.9,115.07,172.52,60.32,612.1,88.11,258.47,289.9133
2022-08-23 04:00:00,410.41,92.49,244.47,114.77,173.94,60.42,602.53,87.96,258.28,296.4533
2022-08-24 04:00:00,405.65,92.73,244.49,114.7,173.01,60.9933,602.79,90.56,258.66,297.0967
2022-08-25 04:00:00,403.93,97.18,245.68,117.7,179.02,61.6333,603.8,90.91,266.33,296.07
2022-08-26 04:00:00,381.02,91.18,240.65,111.3,168.12,59.98,596.18,87.26,257.05,288.09
2022-08-29 04:00:00,375.26,88.49,239.38,110.34,165.88,59.2533,592.77,86.96,250.96,284.82
2022-08-30 04:00:00,375.07,86.94,239.12,109.91,165.72,58.7,588.39,86.33,251.4,277.7
2022-08-31 04:00:00,373.44,84.87,240.3,109.15,164.58,58.34,581.06,86.27,247.66,275.61
2022-09-01 04:00:00,370.53,82.33,245.5,110.55,164.4,58.3133,600.63,88.51,235.43,277.16
2022-09-02 04:00:00,368.14,80.24,242.37,108.68,162.39,57.6467,580.62,87.39,232.42,270.21
2022-09-06 04:00:00,368.3,78.72,242.22,107.48,160.75,57.8867,573.97,86.72,229.67,274.42
2022-09-07 04:00:00,379.72,79.61,244.79,110.48,163.32,59.0467,596.44,92.14,235.42,283.7
2022-09-08 04:00:00,383.63,82.78,245.45,109.42,165.45,57.5533,708.85,92.26,240.32,289.26
2022-09-09 04:00:00,394.78,85.45,247.69,111.78,168.14,58.9867,724.32,93.51,258.93,299.68
2022-09-12 04:00:00,396.36,84.64,237.62,111.87,169.07,59.62,710.74,94.98,264.79,304.42
2022-09-13 04:00:00,368.39,77.03,226.86,105.31,155.46,57.3733,701.39,89.86,248.9,292.13
2022-09-14 04:00:00,371.52,77.45,228.12,105.87,159.45,57.5933,697.62,89.46,255.57,302.61
2022-09-15 04:00:00,309.13,76.66,227.66,103.9,159.68,57.0933,705.85,89.56,252.89,303.75
2022-09-16 04:00:00,299.5,76.51,231.14,103.63,159.94,56.76,710.3,90.25,242.9,303.35
2022-09-19 04:00:00,296.06,76.77,230.76,103.85,163.1,58.1933,715.34,90.74,241.62,309.07
2022-09-20 04:00:00,291.06,75.25,227.71,101.83,160.9,57.6933,704.22,88.3,235.19,308.73
2022-09-21 04:00:00,286.3,74.48,224.46,100.01,159.17,56.9733,684.63,87.85,232.3,300.8
2022-09-22 04:00:00,287.06,69.5,227.75,100.57,155.13,56.6,688.26,86.59,220.69,288.59
2022-09-23 04:00:00,284.56,67.96,226.97,99.17,152.94,55.8733,697.33,84.44,217.56,275.33
2022-09-26 04:00:00,276.96,66.3,226.87,98.81,151.95,55.3333,686.1,82.93,213.61,276.01
2022-09-27 04:00:00,277.57,67.17,225.99,98.09,153.51,55.3067,695.01,84.4,214.59,282.94
2022-09-28 04:00:00,281.4,68.36,230.98,100.74,156.44,56.8867,705.42,87.01,218.14,287.81
2022-09-29 04:00:00,278.25,64.14,228.41,98.09,151.01,56.58,691.82,84.03,212.33,268.21
2022-09-30 04:00:00,275.2,63.36,225.4,96.15,147.51,55.7933,688.87,84.27,210.59,265.25
2022-10-03 04:00:00,285.24,66.11,230.44,99.3,151.96,57.6533,735.13,85.96,217.33,242.4
2022-10-04 04:00:00,294.97,67.9,233.02,102.41,159.89,59.94,739.54,89.38,236.21,249.44
2022-10-05 04:00:00,297.38,67.94,233.82,102.22,161.24,60.6067,745.68,89.82,242.46,240.81
2022-10-06 04:00:00,298.41,67.85,230.94,102.24,158.99,59.8,731.86,88.24,238.99,238.13
2022-10-07 04:00:00,288.77,58.44,229.03,99.57,151.75,58.4533,722.37,86.86,228.24,223.07
2022-10-10 04:00:00,285.72,57.81,232.15,98.71,147.5,58.5867,730.92,85.87,220.27,222.96
2022-10-11 04:00:00,284.83,57.63,245.44,98.05,143.75,59.38,737.41,86.14,207.64,216.5
2022-10-12 04:00:00,286.15,57.85,246.44,98.3,140.28,59.0333,728.06,84.51,203.37,217.24
2022-10-13 04:00:00,294.74,58.94,251.66,99.71,143.17,60.16,752.56,85.45,202.2,221.72
2022-10-14 04:00:00,287.94,55.94,251.34,97.18,138.09,58.8467,736.06,81.45,189.0,204.99
2022-10-17 04:00:00,293.5,57.96,252.93,100.78,141.27,59.2333,735.96,84.21,204.67,219.35
2022-10-18 04:00:00,292.98,57.92,252.12,101.39,140.95,60.4667,722.71,84.66,201.44,220.19
2022-10-19 04:00:00,299.83,57.23,248.19,100.29,141.32,60.4933,709.37,83.66,187.73,222.04
2022-10-20 04:00:00,302.38,57.77,247.45,100.53,139.04,58.38,705.89,82.49,192.62,207.28
2022-10-21 04:00:00,306.37,58.82,251.94,101.48,145.25,60.1133,713.91,85.07,194.1,214.44
2022-10-24 04:00:00,316.22,58.7,261.32,102.97,144.94,61.3467,737.15,87.09,194.85,211.25
2022-10-25 04:00:00,323.79,61.47,259.99,104.93,148.74,61.16,747.33,93.07,206.04,222.415
2022-10-26 04:00:00,320.48,59.73,266.66,94.82,147.28,61.8667,733.98,93.39,195.22,224.64
2022-10-27 04:00:00,318.65,58.6,267.23,92.6,145.12,62.7533,724.88,94.6,198.0,225.09
2022-10-28 04:00:00,325.68,62.01,273.81,96.58,151.66,64.2,750.76,95.35,200.82,228.52
2022-10-31 04:00:00,318.5,60.06,270.35,94.66,146.08,64.5533,748.75,95.69,202.73,227.54
2022-11-01 04:00:00,316.02,59.66,272.06,90.5,151.85,64.6333,759.91,94.68,191.74,227.82
2022-11-02 04:00:00,301.22,58.63,269.01,87.07,148.61,63.8,740.48,92.6,172.4,214.98
2022-11-03 04:00:00,285.93,60.11,265.88,83.49,144.85,64.6533,738.68,92.3,174.17,215.31
2022-11-04 04:00:00,285.75,62.19,269.04,86.7,151.06,66.08,740.21,93.88,123.73,207.47
2022-11-07 05:00:00,299.54,63.08,277.02,88.65,157.9,66.0933,750.93,93.14,119.23,197.08
2022-11-08 05:00:00,302.17,63.85,292.39,88.91,163.11,67.0333,751.95,92.09,122.72,191.3
2022-11-09 05:00:00,298.87,59.92,289.65,87.4,154.72,66.5067,742.95,91.32,122.29,177.59
2022-11-10 05:00:00,329.95,68.47,291.01,94.17,165.47,67.94,741.08,97.13,140.85,190.72
2022-11-11 05:00:00,341.15,72.37,285.02,96.73,169.94,68.4133,734.45,96.17,142.37,195.97
2022-11-14 05:00:00,340.37,73.53,285.3,96.03,169.01,68.2267,742.01,94.63,134.96,190.95
2022-11-15 05:00:00,345.96,76.37,283.6,98.72,174.81,68.52,728.73,97.8,141.18,194.42
2022-11-16 05:00:00,338.41,72.7,283.77,98.99,166.88,68.9333,735.67,96.5,129.27,186.92
2022-11-17 05:00:00,337.83,73.9,287.3,98.5,170.09,69.0067,739.08,97.93,121.69,183.17
2022-11-18 05:00:00,330.86,73.57,287.29,97.8,171.94,69.2467,736.73,107.59,118.76,180.19
2022-11-21 05:00:00,321.49,72.46,288.16,95.83,168.85,69.5733,738.98,112.3,117.56,167.87
2022-11-22 05:00:00,330.88,75.25,287.05,97.33,173.41,70.68,749.23,115.27,116.34,169.91
2022-11-23 05:00:00,335.78,76.4,283.4,98.82,175.2,70.5933,735.36,116.03,124.5,183.2
2022-11-25 05:00:00,334.3,75.14,283.74,97.6,172.69,70.02,736.23,115.94,124.13,182.86
2022-11-28 05:00:00,328.97,73.19,282.62,96.25,164.1,69.0733,741.48,116.37,126.45,182.92
2022-11-29 05:00:00,326.78,73.39,281.99,95.44,164.69,69.5067,736.08,116.79,122.01,180.83
2022-11-30 05:00:00,344.93,77.63,286.4,101.45,175.84,70.6067,751.7,117.67,131.55,194.7
2022-12-01 05:00:00,344.11,77.48,285.94,101.28,173.44,70.6333,761.24,117.98,140.06,194.7
2022-12-02 05:00:00,341.53,74.98,285.51,100.83,171.06,70.5267,766.39,119.0,141.0,194.86
2022-12-05 05:00:00,334.09,73.62,284.91,99.87,168.37,68.9067,755.45,117.36,133.61,182.45
2022-12-06 05:00:00,331.15,70.27,283.29,97.31,163.08,69.1133,747.47,116.53,124.96,179.82
2022-12-07 05:00:00,326.68,70.14,285.76,95.15,163.95,69.66,764.27,115.36,125.46,174.04
2022-12-08 05:00:00,332.58,70.47,285.57,93.95,171.47,69.0733,765.42,117.14,135.71,173.44
2022-12-09 05:00:00,330.64,68.59,278.65,93.07,169.72,67.5067,750.06,114.89,137.33,179.05
2022-12-12 05:00:00,338.17,70.67,276.78,93.56,173.07,68.64,742.48,116.39,143.79,167.82
2022-12-13 05:00:00,342.46,71.65,272.26,95.85,174.31,68.1467,747.56,117.53,143.91,160.95
2022-12-14 05:00:00,339.92,68.93,271.13,95.31,171.57,68.5067,750.0,117.42,149.85,156.8
2022-12-15 05:00:00,328.71,66.53,266.14,91.2,165.16,65.2867,731.27,113.69,146.23,157.67
2022-12-16 05:00:00,338.54,65.41,267.41,90.86,163.72,65.4867,723.17,113.95,147.26,150.23
2022-12-19 05:00:00,328.76,64.59,265.7,89.15,160.27,66.0733,721.1,114.92,139.17,149.87
2022-12-20 05:00:00,338.22,65.05,264.75,89.63,159.51,66.2733,733.53,114.35,138.02,137.8
2022-12-21 05:00:00,341.38,67.68,266.26,90.25,163.43,67.36,736.19,115.13,139.62,137.57
2022-12-22 05:00:00,336.52,63.86,265.26,88.26,157.51,66.5467,733.62,113.96,127.26,125.35
2022-12-23 05:00:00,338.45,64.52,263.92,89.81,157.67,67.0333,726.74,115.48,127.22,123.15
2022-12-27 05:00:00,335.09,63.27,263.39,87.93,153.78,66.88,711.35,115.04,124.83,109.1
2022-12-28 05:00:00,328.33,62.57,261.42,86.46,151.7,66.1667,713.03,114.29,123.3,112.71
2022-12-29 05:00:00,337.58,64.82,263.16,88.95,158.12,65.7267,721.29,115.86,129.68,121.82
2022-12-30 05:00:00,336.53,64.77,262.64,88.73,158.03,65.98,721.49,116.07,128.68,123.18
2023-01-03 05:00:00,336.92,64.02,261.65,89.7,155.05,65.62,720.47,115.83,126.5,108.1
2023-01-04 05:00:00,341.41,64.66,264.39,88.71,157.96,65.4733,726.49,117.97,126.4,113.64
2023-01-05 05:00:00,328.44,62.33,266.86,86.77,153.51,65.1867,723.76,118.4,119.97,110.34
2023-01-06 05:00:00,332.75,63.96,275.2,88.16,159.63,66.88,737.15,121.57,121.28,113.06
2023-01-09 05:00:00,341.98,67.24,270.12,88.8,160.97,66.5267,680.49,118.73,127.17,119.77
2023-01-10 05:00:00,338.7,68.05,273.88,89.24,166.07,66.9933,698.95,119.79,132.16,118.85
2023-01-11 05:00:00,342.93,69.06,272.91,92.26,168.73,67.3733,709.94,119.54,141.78,123.22
2023-01-12 05:00:00,344.54,70.8,270.92,91.91,170.21,67.5933,714.57,118.75,146.48,123.56
2023-01-13 05:00:00,344.38,71.0,271.73,92.8,171.82,68.4467,722.13,120.01,148.0,122.4
2023-01-17 05:00:00,344.38,71.59,269.42,92.16,170.33,67.74,728.11,119.76,152.91,131.49
2023-01-18 05:00:00,341.31,70.53,264.385,91.78,170.68,66.4933,724.55,117.38,148.73,128.78
2023-01-19 05:00:00,342.53,67.71,262.03,93.91,165.0,65.34,715.57,115.75,148.89,127.17
2023-01-20 05:00:00,356.38,70.07,263.24,99.28,168.5,66.1267,722.0,115.73,157.75,133.42
2023-01-23 05:00:00,364.98,76.53,260.97,101.21,173.03,68.1667,729.91,115.78,154.58,143.75
2023-01-24 05:00:00,361.32,74.7,259.7,99.21,173.17,74.0533,727.47,117.72,151.7,143.89
2023-01-25 05:00:00,358.17,74.91,256.54,96.73,174.1,73.8733,741.18,120.2,151.93,144.43
2023-01-26 05:00:00,365.82,75.16,254.88,99.16,180.02,74.82,742.3,120.71,158.38,160.27
2023-01-27 05:00:00,370.71,75.4,253.65,100.71,181.54,73.7533,742.83,119.48,164.25,177.9
2023-01-30 05:00:00,363.42,72.45,251.59,97.95,179.48,72.52,736.46,118.995,156.94,166.66
2023-01-31 05:00:00,370.34,75.15,252.4,99.87,184.31,72.8733,758.47,118.19,161.62,173.22
2023-02-01 05:00:00,383.92,84.64,246.41,101.43,193.94,74.24,758.0,118.52,170.31,181.41
2023-02-02 05:00:00,392.23,88.31,246.53,108.8,196.16,74.4067,751.2,116.09,182.41,188.27
2023-02-03 05:00:00,379.33,86.09,245.17,105.22,190.95,73.4533,783.13,115.32,169.3,189.98
2023-02-06 05:00:00,375.23,83.68,243.85,103.47,187.37,73.6267,780.86,115.71,172.37,194.76
2023-02-07 05:00:00,383.82,85.91,244.0,108.04,193.24,73.5267,769.94,114.49,181.16,196.81
2023-02-08 05:00:00,378.36,84.69,240.2,100.0,187.95,71.95,749.66,114.49,175.65,201.29
2023-02-09 05:00:00,375.81,83.21,240.0,95.46,189.85,73.01,744.77,115.02,171.15,207.32
2023-02-10 05:00:00,370.99,81.48,242.5,94.86,186.47,72.99,757.61,115.18,172.23,196.89
2023-02-13 05:00:00,375.0,83.13,243.66,95.0,188.38,73.0,763.97,116.78,175.56,194.64
2023-02-14 05:00:00,377.9,85.95,241.03,94.95,189.79,73.2,754.21,116.8,181.87,209.25
2023-02-15 05:00:00,375.94,85.18,240.065,97.1,193.29,74.91,752.4,116.64,187.36,214.24
2023-02-16 05:00:00,365.16,80.08,234.22,95.78,191.23,74.87,736.33,115.32,174.66,202.04
2023-02-17 05:00:00,356.85,78.5,240.53,94.59,188.46,75.69,748.74,115.69,168.56,208.31
2023-02-21 05:00:00,346.7,76.77,238.24,92.05,181.41,73.86,746.52,112.91,165.15,197.37
2023-02-22 05:00:00,348.72,76.61,236.16,91.8,177.69,73.1,748.08,112.66,169.49,200.86
2023-02-23 05:00:00,347.02,79.75,237.62,91.07,180.99,73.44,759.66,111.49,170.63,202.07
2023-02-24 05:00:00,320.54,78.09,233.66,89.35,176.86,72.3,756.99,111.46,162.55,196.88
2023-02-27 05:00:00,322.32,78.77,234.45,90.1,177.74,72.11,757.79,110.92,164.62,207.63
2023-02-28 05:00:00,323.95,78.58,231.66,90.3,178.48,72.2,760.42,110.54,164.33,205.71
2023-03-01 05:00:00,323.38,78.29,236.19,90.51,178.87,73.05,770.44,110.67,162.19,202.77
2023-03-02 05:00:00,333.5,80.44,234.74,92.31,180.63,74.79,768.9,111.01,166.11,190.9
2023-03-03 05:00:00,344.04,81.52,234.81,94.02,182.96,76.19,779.3,112.43,177.53,197.79
2023-03-06 05:00:00,347.02,81.16,235.11,95.58,179.94,76.28,780.38,112.4,176.15,193.81
2023-03-07 05:00:00,344.8,82.11,228.72,94.17,177.4,75.79,773.85,109.86,176.48,187.71
2023-03-08 05:00:00,345.84,85.37,228.43,94.65,182.51,75.96,745.2,109.04,177.9,182.0
2023-03-09 05:00:00,338.37,84.03,225.79,92.66,179.83,74.31,743.75,105.56,169.99,172.92
2023-03-10 05:00:00,329.3,82.67,227.87,91.01,175.05,72.32,747.0,104.17,155.78,173.44
2023-03-13 04:00:00,324.27,82.01,233.18,91.66,174.93,71.42,752.33,103.39,158.32,174.48
2023-03-14 04:00:00,333.33,87.45,230.58,94.25,178.82,72.55,766.8,103.68,159.98,183.26
2023-03-15 04:00:00,333.61,89.68,234.9,96.55,174.6,70.69,760.3,102.3,158.0,180.45
2023-03-16 04:00:00,353.29,96.6,234.57,101.07,179.49,70.85,749.75,103.24,157.35,184.13
2023-03-17 04:00:00,358.14,97.84,229.79,102.46,177.29,68.69,747.65,102.06,158.25,180.13
2023-03-20 04:00:00,362.88,96.81,234.72,101.93,180.55,70.35,759.25,102.14,148.9,183.25
2023-03-21 04:00:00,374.22,95.93,232.95,105.84,180.46,71.44,759.76,104.14,154.3,197.58
2023-03-22 04:00:00,361.71,97.58,229.83,104.22,176.62,70.34,751.3,102.61,149.03,191.15
2023-03-23 04:00:00,369.0,100.28,233.1,106.26,182.04,69.81,802.16,101.63,153.29,192.22
2023-03-24 04:00:00,374.96,97.95,238.03,106.06,176.55,69.9,820.0,101.33,152.72,190.41
2023-03-27 04:00:00,373.15,96.61,236.76,103.06,174.2,70.94,820.41,100.63,154.99,191.81
2023-03-28 04:00:00,373.4,94.56,238.48,101.36,173.21,71.84,826.97,103.14,155.26,189.19
2023-03-29 04:00:00,379.16,96.09,241.03,101.9,179.0,72.35,819.35,102.47,158.89,193.88
2023-03-30 04:00:00,381.9,97.88,241.5,101.32,181.62,72.21,811.5,103.13,160.59,195.28
2023-03-31 04:00:00,385.37,98.01,241.75,104.0,186.475,73.2,821.67,106.13,171.17,207.46
2023-04-03 04:00:00,380.08,96.56,244.44,104.91,181.98,73.04,826.19,108.63,163.92,194.77
2023-04-04 04:00:00,385.15,95.87,247.53,105.12,176.12,70.8,822.09,108.53,166.49,192.58
2023-04-05 04:00:00,382.02,92.56,253.37,104.95,173.02,68.48,825.22,106.46,156.99,185.52
2023-04-06 04:00:00,380.6,92.47,253.32,108.9,170.1,68.49,828.73,106.22,158.54,185.06
2023-04-10 04:00:00,376.25,95.48,250.9,106.95,172.41,69.68,823.76,106.64,158.92,184.51
2023-04-11 04:00:00,371.11,94.03,251.43,106.12,171.88,71.035,819.64,105.13,162.88,186.79
2023-04-12 04:00:00,369.89,92.33,249.5,105.22,170.22,72.11,820.43,102.89,158.55,180.54
2023-04-13 04:00:00,378.8,92.09,251.44,108.19,171.92,71.59,830.35,104.19,168.09,185.9
2023-04-14 04:00:00,379.38,91.75,250.0,109.46,172.35,72.72,829.33,104.6,165.53,185.0
2023-04-17 04:00:00,377.92,89.87,248.07,106.42,174.51,73.26,819.74,104.18,166.42,187.04
2023-04-18 04:00:00,377.55,89.78,246.09,105.12,175.78,73.08,808.01,103.69,162.32,184.31
2023-04-19 04:00:00,380.11,89.94,246.21,105.02,172.79,72.91,808.86,104.26,162.77,180.59
2023-04-20 04:00:00,380.26,90.11,243.46,105.9,169.62,72.58,798.1,106.03,157.25,162.99
2023-04-21 04:00:00,377.67,88.43,243.86,105.91,169.82,73.15,800.73,106.32,158.55,165.08
2023-04-24 04:00:00,377.34,87.57,244.45,106.78,169.89,73.77,797.04,106.41,154.81,162.55
2023-04-25 04:00:00,369.59,83.8,244.87,104.61,164.5,74.8,789.58,104.04,143.06,160.67
2023-04-26 04:00:00,363.06,85.94,238.8,104.45,165.35,73.1,778.0,104.7,151.74,153.75
2023-04-27 04:00:00,371.42,87.44,240.34,108.37,161.19,73.67,792.29,105.55,153.77,160.19
2023-04-28 04:00:00,377.56,89.37,239.74,108.22,163.74,74.69,801.79,106.73,147.66,164.31
2023-05-01 04:00:00,374.15,89.69,238.9,107.71,166.01,74.79,806.72,105.75,149.55,161.83
2023-05-02 04:00:00,368.66,89.91,235.97,105.98,171.51,72.43,798.45,104.77,147.16,160.31
2023-05-03 04:00:00,345.25,81.62,229.31,106.12,167.56,71.63,803.17,103.99,145.14,160.61
2023-05-04 04:00:00,335.83,86.61,231.89,105.21,163.79,71.02,753.88,102.83,150.05,161.2
2023-05-05 04:00:00,348.4,89.84,236.53,106.215,166.82,72.76,762.1,104.44,135.73,170.06
2023-05-08 04:00:00,344.06,95.04,234.62,108.24,168.05,72.78,752.12,104.83,130.01,171.79
2023-05-09 04:00:00,342.65,95.06,234.43,107.94,165.09,73.33,754.88,104.08,133.15,169.15
2023-05-10 04:00:00,344.02,97.02,234.11,112.28,165.2,72.33,749.59,101.95,137.42,168.54
2023-05-11 04:00:00,341.58,97.1,232.29,116.9,163.35,72.44,745.57,102.53,135.68,172.08
2023-05-12 04:00:00,335.45,95.26,232.95,117.92,164.55,72.73,744.35,104.51,135.02,167.98
2023-05-15 04:00:00,345.67,97.4,233.53,116.96,167.93,72.8,750.96,104.39,145.36,166.35
2023-05-16 04:00:00,345.11,101.48,227.88,120.09,165.89,70.52,742.28,102.93,139.22,166.52
2023-05-17 04:00:00,356.63,103.75,225.02,121.48,171.25,71.53,749.63,103.79,144.04,173.86
2023-05-18 04:00:00,360.43,107.93,224.23,123.52,175.64,71.61,747.48,105.38,148.08,176.89
2023-05-19 04:00:00,371.25,105.82,223.42,123.25,174.96,71.75,759.05,104.76,146.99,180.14
2023-05-22 04:00:00,372.05,108.0,223.99,125.87,177.37,71.39,751.5,104.62,158.38,188.87
2023-05-23 04:00:00,370.42,108.12,224.44,123.29,175.06,71.39,748.56,101.88,159.41,185.77
2023-05-24 04:00:00,365.76,108.27,221.32,121.64,166.52,70.44,737.4,101.46,160.64,182.9
2023-05-25 04:00:00,392.06,120.35,217.46,124.35,171.34,71.02,725.0,102.34,158.88,184.47
2023-05-26 04:00:00,415.39,127.03,216.93,125.43,181.18,71.35,725.05,103.37,166.15,193.17
2023-05-30 04:00:00,417.21,125.27,218.53,124.64,182.07,71.16,728.6,103.26,168.85,201.16
2023-05-31 04:00:00,417.79,118.21,220.65,123.37,179.1,68.78,735.56,103.62,180.79,203.93
2023-06-01 04:00:00,426.75,119.47,214.27,124.37,181.0,70.015,731.17,100.9,177.26,207.52
2023-06-02 04:00:00,436.37,117.86,218.07,125.23,181.6,73.3,739.95,103.3,183.9,213.97
2023-06-05 04:00:00,434.18,117.93,221.88,126.63,176.56,73.33,750.27,103.1,183.27,217.61
2023-06-06 04:00:00,432.89,124.23,221.22,127.91,181.26,74.59,748.14,103.67,184.0,221.31
2023-06-07 04:00:00,418.32,117.83,221.25,122.94,186.45,76.19,738.63,101.99,171.34,224.57
2023-06-08 04:00:00,439.03,121.05,220.76,122.67,187.46,76.71,750.12,103.24,170.39,234.86
2023-06-09 04:00:00,454.0,124.92,218.76,122.87,185.0,76.83,746.52,103.29,171.99,244.4
2023-06-12 04:00:00,474.63,129.19,217.36,124.35,189.35,77.76,754.01,106.37,175.84,249.83
2023-06-13 04:00:00,478.99,124.53,221.99,124.43,196.44,79.48,767.35,106.43,181.685,258.71
2023-06-14 04:00:00,479.53,127.33,222.28,124.38,195.69,78.06,771.11,106.24,181.23,256.79
2023-06-15 04:00:00,490.91,124.24,228.44,125.79,195.75,79.08,783.07,107.88,182.19,255.9
2023-06-16 04:00:00,495.18,120.08,229.66,124.06,197.85,78.63,783.05,107.84,177.8,260.54
2023-06-20 04:00:00,485.86,118.93,228.59,123.85,195.4,77.77,781.21,107.28,175.83,274.45
2023-06-21 04:00:00,477.48,112.11,227.04,121.26,193.28,78.52,778.77,107.24,168.38,259.46
2023-06-22 04:00:00,477.58,110.7,229.66,123.87,194.65,78.11,779.81,107.96,169.91,264.61
2023-06-23 04:00:00,484.72,110.01,227.11,123.02,188.69,78.44,779.73,108.66,162.41,256.6
2023-06-26 04:00:00,479.51,107.51,224.73,119.09,192.2,79.21,784.38,107.61,158.54,241.05
2023-06-27 04:00:00,489.27,110.39,222.61,119.01,200.32,80.36,716.09,108.92,161.88,250.21
2023-06-28 04:00:00,482.43,110.17,221.31,121.08,197.56,80.68,700.03,108.34,166.89,256.24
2023-06-29 04:00:00,483.77,111.24,221.16,120.01,199.76,82.61,708.42,108.87,161.64,257.5
2023-06-30 04:00:00,488.99,113.91,222.02,120.97,204.68,83.65,718.54,112.13,167.81,261.77
2023-07-03 04:00:00,485.21,115.82,225.01,120.56,207.13,83.64,718.09,111.13,167.59,279.82
2023-07-05 04:00:00,487.26,113.95,225.88,122.63,203.67,82.28,717.83,110.62,172.76,282.48
2023-07-06 04:00:00,481.29,113.48,222.98,120.93,204.37,81.82,704.83,109.33,165.84,276.54
2023-07-07 04:00:00,485.27,113.17,218.65,120.14,204.06,82.31,692.45,107.46,169.45,274.43
2023-07-10 04:00:00,496.35,113.58,224.73,116.87,210.42,84.61,703.36,109.58,173.49,269.61
2023-07-11 04:00:00,504.74,111.32,223.86,117.71,210.95,86.13,716.83,111.0,174.52,269.79
2023-07-12 04:00:00,507.36,114.58,225.68,119.62,211.86,86.23,718.42,111.52,175.34,271.99
2023-07-13 04:00:00,517.28,115.92,227.66,124.83,216.52,85.77,720.98,111.48,177.96,277.9
2023-07-14 04:00:00,514.83,115.94,227.43,125.7,212.54,85.66,718.52,111.58,178.97,281.38
2023-07-17 04:00:00,522.0,118.32,227.84,125.06,219.62,87.56,721.61,110.25,180.43,290.38
2023-07-18 04:00:00,532.23,117.93,232.57,124.08,223.66,89.42,726.55,111.91,187.45,293.34
2023-07-19 04:00:00,527.17,116.43,232.05,122.78,220.28,89.01,719.01,112.62,188.58,291.26
2023-07-20 04:00:00,516.88,110.25,233.23,119.53,211.95,88.83,723.02,112.2,175.64,262.9
2023-07-21 04:00:00,520.23,110.95,234.82,120.31,213.3,87.91,734.63,112.03,174.42,260.02
2023-07-24 04:00:00,523.86,110.61,235.42,121.88,210.88,88.7,727.13,112.7,173.09,269.06
2023-07-25 04:00:00,525.34,113.0,235.31,122.79,219.89,86.31,729.88,112.51,177.93,265.28
2023-07-26 04:00:00,514.55,110.09,235.21,129.66,218.48,84.61,730.96,113.48,176.65,264.35
2023-07-27 04:00:00,513.97,111.1,236.05,129.87,221.79,85.35,744.66,113.48,170.56,255.71
2023-07-28 04:00:00,528.87,112.96,236.37,133.01,223.31,85.34,746.1,114.61,174.21,266.44
2023-07-31 04:00:00,546.17,114.4,234.15,133.11,222.98,86.13,741.91,114.64,181.94,267.43
2023-08-01 04:00:00,549.1,117.6,232.12,131.89,223.48,86.43,739.07,113.99,181.65,261.07
2023-08-02 04:00:00,530.3,109.35,230.41,128.64,216.4,86.07,732.12,111.77,169.7,254.11
2023-08-03 04:00:00,523.76,113.15,230.7,128.77,215.95,84.89,771.45,112.59,169.65,259.32
2023-08-04 04:00:00,526.88,115.82,243.28,128.54,213.7,83.9,766.44,112.59,198.84,253.86
2023-08-07 04:00:00,529.73,116.81,252.94,131.94,218.73,84.64,774.74,113.46,193.52,251.45
2023-08-08 04:00:00,520.6,113.23,260.8,131.84,216.89,85.42,780.32,113.18,196.13,249.7
2023-08-09 04:00:00,513.78,110.47,259.32,130.15,214.37,85.42,785.61,113.03,192.34,242.19
2023-08-10 04:00:00,515.83,110.23,262.06,130.21,211.98,85.48,793.01,113.88,197.47,245.34
2023-08-11 04:00:00,508.45,107.57,262.51,130.17,204.2,85.82,806.95,113.39,197.66,242.65
2023-08-14 04:00:00,522.25,111.98,260.97,131.83,207.25,86.0,808.38,114.12,199.87,239.76
2023-08-15 04:00:00,518.7,111.35,266.01,130.27,201.74,85.07,805.91,114.01,193.13,232.96
2023-08-16 04:00:00,514.49,107.19,265.02,129.11,196.74,84.56,797.34,115.23,186.97,225.6
2023-08-17 04:00:00,511.67,104.44,263.85,130.46,194.53,83.75,796.73,113.06,185.34,219.22
2023-08-18 04:00:00,508.13,105.45,261.82,128.11,196.57,84.66,812.4,118.72,186.3,215.49
2023-08-21 04:00:00,520.47,108.22,260.7,128.93,201.62,84.58,844.37,119.16,184.15,231.28
2023-08-22 04:00:00,519.48,105.66,257.62,129.69,199.66,84.93,840.63,117.79,190.04,233.19
2023-08-23 04:00:00,530.71,109.43,257.36,133.21,201.1,85.65,840.81,121.88,191.69,236.86
2023-08-24 04:00:00,512.43,101.8,256.62,130.42,193.82,84.23,831.21,118.86,184.02,230.04
2023-08-25 04:00:00,525.06,102.25,256.38,130.69,196.2,84.78,830.35,119.0,191.02,238.59
2023-08-28 04:00:00,529.92,102.61,256.55,131.79,199.23,85.18,830.89,119.93,191.4,238.82
2023-08-29 04:00:00,540.57,105.92,259.64,135.49,205.16,82.86,830.19,121.02,198.9,257.18
2023-08-30 04:00:00,545.36,106.59,257.88,136.93,205.88,82.72,834.95,121.65,202.26,256.9
2023-08-31 04:00:00,559.34,105.72,256.34,137.35,205.72,82.29,826.49,121.81,204.06,258.08
2023-09-01 04:00:00,563.21,109.45,256.71,136.8,209.96,83.52,831.63,121.7,204.45,245.01
2023-09-05 04:00:00,564.88,110.78,254.01,136.71,207.57,81.66,822.91,120.61,205.91,256.49
2023-09-06 04:00:00,561.94,109.28,249.01,135.37,207.79,82.75,818.39,119.95,206.4,251.92
2023-09-07 04:00:00,560.46,106.59,254.39,136.2,204.01,83.05,825.26,119.42,206.92,251.49
2023-09-08 04:00:00,560.36,106.09,259.43,137.2,203.05,84.51,830.69,119.36,206.6,248.5
2023-09-11 04:00:00,564.5,105.32,261.72,137.74,203.5,85.22,833.53,118.39,214.03,273.58
2023-09-12 04:00:00,542.21,105.31,260.31,136.07,199.5,85.22,832.77,118.4,211.22,267.48
2023-09-13 04:00:00,553.56,107.71,257.23,137.5,200.4,83.28,826.25,116.82,208.89,271.3
2023-09-14 04:00:00,552.16,106.63,262.3,138.99,202.69,85.87,832.38,117.8,209.4,276.04
2023-09-15 04:00:00,528.89,101.49,260.72,138.3,197.38,85.22,823.4,118.17,203.03,274.39
2023-09-18 04:00:00,532.42,102.37,263.15,138.96,199.29,86.29,824.51,117.67,204.88,265.28
2023-09-19 04:00:00,541.69,101.61,264.31,138.83,199.14,85.17,836.76,116.3,205.36,266.5
2023-09-20 04:00:00,535.78,100.34,271.46,134.59,194.96,85.25,831.62,114.95,200.82,262.59
2023-09-21 04:00:00,513.88,96.11,269.41,131.36,194.0,83.81,823.38,113.13,189.95,255.7
2023-09-22 04:00:00,512.9,96.2,267.7,131.25,196.79,84.93,824.84,111.66,195.46,244.88
2023-09-25 04:00:00,511.6,97.38,266.86,132.17,198.12,85.46,834.64,109.67,196.46,246.99
2023-09-26 04:00:00,506.3,95.96,269.04,129.45,194.99,83.86,832.41,109.55,191.4,244.12
2023-09-27 04:00:00,502.6,98.07,268.98,131.46,196.7,84.81,832.56,108.92,197.52,240.5
2023-09-28 04:00:00,504.67,102.76,270.82,133.13,200.53,85.71,834.57,111.81,196.94,246.38
2023-09-29 04:00:00,509.9,102.82,268.76,131.85,199.92,85.02,822.96,112.95,201.51,250.22
2023-10-02 04:00:00,521.13,103.27,266.31,135.17,200.19,84.76,818.03,114.47,197.46,251.6
2023-10-03 04:00:00,507.03,100.08,261.01,133.3,195.2,84.04,808.31,111.91,190.62,246.53
2023-10-04 04:00:00,518.42,104.07,265.44,136.27,198.19,86.67,814.99,111.99,189.84,261.16
2023-10-05 04:00:00,516.44,102.91,265.08,135.99,195.45,86.23,831.12,111.72,187.85,260.05
2023-10-06 04:00:00,526.68,107.24,267.47,138.73,199.02,87.48,836.57,112.38,199.21,260.53
2023-10-09 04:00:00,529.29,106.97,271.54,139.5,198.12,87.44,831.82,113.07,202.58,259.67
2023-10-10 04:00:00,532.72,109.01,271.25,139.2,201.75,86.77,834.96,113.1,206.0,263.62
2023-10-11 04:00:00,549.91,108.31,283.6,141.7,203.46,86.68,836.07,113.67,199.45,262.99
2023-10-12 04:00:00,559.63,108.79,285.04,140.29,202.36,85.3,838.49,113.2,186.4,258.87
2023-10-13 04:00:00,548.76,105.09,284.1,138.58,194.5,83.77,839.63,112.04,188.31,251.12
2023-10-16 04:00:00,550.74,106.46,286.88,140.49,199.78,85.09,843.66,116.39,196.27,253.92
2023-10-17 04:00:00,560.09,105.14,284.42,140.99,197.72,84.99,836.85,118.0,197.79,254.85
2023-10-18 04:00:00,557.87,102.17,283.58,139.28,193.2,83.65,826.03,117.24,194.01,242.68
2023-10-19 04:00:00,555.74,102.4,280.6,138.98,187.93,82.55,808.64,116.26,192.4,220.11
2023-10-20 04:00:00,540.96,101.81,278.81,136.74,185.76,81.58,808.47,115.66,187.07,211.99
2023-10-23 04:00:00,540.41,100.01,273.06,137.9,182.35,81.36,795.54,114.41,185.96,212.08
2023-10-24 04:00:00,539.56,101.67,276.12,140.12,183.61,84.83,804.28,115.81,190.6,216.52
2023-10-25 04:00:00,521.14,96.055,272.16,126.67,175.94,84.53,797.04,115.54,178.59,212.42
2023-10-26 04:00:00,514.28,93.67,269.71,123.44,179.56,83.91,792.01,114.29,176.02,205.76
2023-10-27 04:00:00,508.12,96.43,261.57,123.4,179.13,83.29,775.18,112.79,176.46,207.3
2023-10-30 04:00:00,526.94,96.18,263.19,125.75,170.18,83.62,777.67,114.7,177.99,197.36
2023-10-31 04:00:00,532.06,98.5,255.7,125.3,172.43,82.53,779.89,115.97,180.64,200.84
2023-11-01 04:00:00,544.5,108.04,260.84,127.57,172.52,83.15,791.27,115.98,177.85,205.66
2023-11-02 04:00:00,558.71,107.83,266.59,128.58,177.59,84.39,818.79,118.32,181.4,218.51
2023-11-03 04:00:00,563.66,112.25,269.86,130.37,181.55,86.8,816.9,121.25,176.9,219.96
2023-11-06 05:00:00,565.45,111.75,272.83,131.45,182.8,86.37,832.41,122.14,173.55,219.27
2023-11-07 05:00:00,585.2,113.45,271.11,132.4,185.8,86.46,830.79,123.16,178.93,222.18
2023-11-08 05:00:00,585.31,113.59,273.26,133.26,183.35,86.59,822.79,122.79,174.48,222.11
2023-11-09 05:00:00,577.74,113.49,264.06,131.69,180.33,85.98,800.26,122.37,170.84,209.98
2023-11-10 05:00:00,597.22,118.59,267.31,134.06,186.67,88.26,798.94,123.33,176.29,214.65
2023-11-13 05:00:00,590.34,116.79,266.69,133.64,184.84,87.96,796.7,122.36,175.04,223.71
2023-11-14 05:00:00,604.33,119.88,270.02,135.43,194.89,90.67,793.7,124.8,186.2,237.41
2023-11-15 05:00:00,595.31,118.0,273.03,136.38,200.75,90.45,792.38,123.97,187.32,242.84
2023-11-16 05:00:00,602.06,119.83,269.0,138.7,200.8,90.91,796.54,120.15,186.5,233.59
2023-11-17 05:00:00,602.66,120.62,265.39,136.94,200.94,91.36,802.43,128.82,184.99,234.3
2023-11-20 05:00:00,612.7,121.53,265.35,137.92,203.34,91.84,801.64,129.43,186.1,235.6
2023-11-21 05:00:00,610.99,119.16,262.82,138.62,200.44,91.43,798.83,130.72,185.07,241.2
2023-11-22 05:00:00,619.72,122.51,264.59,140.02,199.58,91.24,799.73,130.98,180.55,234.21
2023-11-24 05:00:00,619.43,122.31,265.46,138.22,200.12,92.0,798.3,131.09,181.59,235.45
2023-11-27 05:00:00,619.27,122.65,264.27,138.05,199.66,91.74,798.08,131.09,180.32,236.08
2023-11-28 05:00:00,623.32,122.01,265.52,138.62,200.03,90.94,801.14,130.3,188.41,246.72
2023-11-29 05:00:00,617.39,123.85,266.6,136.4,204.33,91.31,808.59,129.2,195.55,244.14
2023-11-30 05:00:00,611.01,121.16,269.64,133.92,204.08,91.82,823.81,130.38,190.95,240.08
2023-12-01 05:00:00,612.47,121.39,272.45,133.32,205.68,93.18,814.86,132.14,195.11,238.83
2023-12-04 05:00:00,604.56,118.57,272.54,130.63,206.28,93.72,823.32,132.65,194.43,235.58
2023-12-05 05:00:00,602.22,118.38,270.87,132.39,205.83,93.87,820.9,132.24,190.7,238.72
2023-12-06 05:00:00,595.7,116.82,269.35,131.43,205.92,94.72,835.75,132.43,188.72,239.37
2023-12-07 05:00:00,608.78,128.37,271.31,138.45,211.7,95.52,849.18,131.66,187.85,242.64
2023-12-08 05:00:00,610.01,128.92,269.12,136.64,215.55,95.38,840.14,132.08,192.36,243.84
2023-12-11 05:00:00,625.2,134.41,272.14,134.7,220.55,97.93,848.42,135.29,198.59,239.74
2023-12-12 05:00:00,633.66,137.61,273.99,133.64,219.13,97.63,863.76,135.45,202.0,237.01
2023-12-13 05:00:00,624.26,138.19,281.62,133.97,221.33,98.06,876.12,137.77,215.14,239.29
2023-12-14 05:00:00,584.64,138.0,276.32,133.2,232.68,95.81,876.0,134.59,221.92,251.05
2023-12-15 05:00:00,584.68,139.15,275.45,133.84,232.93,96.25,859.14,133.94,229.56,253.5
2023-12-18 05:00:00,599.13,138.9,275.48,137.19,229.33,95.75,850.87,135.04,228.56,252.08
2023-12-19 05:00:00,604.64,140.15,278.44,138.1,229.38,96.76,848.39,135.87,233.07,257.22
2023-12-20 05:00:00,596.06,135.47,275.18,139.66,222.9,95.9,841.79,134.61,237.6,247.14
2023-12-21 05:00:00,600.14,139.91,279.33,141.8,229.25,96.9,841.88,135.88,245.03,254.5
2023-12-22 05:00:00,598.75,139.6,284.16,142.72,228.95,97.47,846.72,136.42,240.8,252.54
2023-12-26 05:00:00,598.26,143.41,283.9,142.82,231.95,97.72,849.53,137.0,245.05,256.61
2023-12-27 05:00:00,596.08,146.07,286.53,141.44,232.1,97.79,874.37,137.41,243.06,261.44
2023-12-28 05:00:00,595.52,148.76,288.46,141.28,231.07,97.83,881.7,138.2,241.22,253.18
2023-12-29 05:00:00,596.6,147.41,288.02,140.93,229.68,97.65,878.29,138.39,237.86,248.48
2024-01-02 05:00:00,580.07,138.58,297.39,139.56,221.18,96.78,905.0,137.68,226.67,248.42
2024-01-03 05:00:00,571.79,135.32,300.69,140.36,216.08,94.93,917.56,134.77,220.05,238.45
2024-01-04 05:00:00,567.05,136.01,303.17,138.04,207.76,93.78,912.17,135.27,222.82,237.93
2024-01-05 05:00:00,564.6,138.58,303.0,137.39,205.72,93.59,913.17,134.5,226.1,237.49
2024-01-08 05:00:00,580.55,146.18,310.88,140.53,212.17,95.75,902.88,135.81,235.59,240.45
2024-01-09 05:00:00,586.2,149.26,307.26,142.56,211.71,94.82,902.69,135.9,235.3,234.96
2024-01-10 05:00:00,591.03,148.54,304.57,143.8,211.29,94.6,906.16,135.96,244.21,233.94
2024-01-11 05:00:00,597.49,148.02,303.1,143.67,211.49,94.6,915.97,136.77,242.16,227.22
2024-01-12 05:00:00,596.54,146.56,306.51,144.24,209.11,94.05,933.2,136.58,237.0,218.89
2024-01-16 05:00:00,597.68,158.74,303.48,144.08,208.99,94.05,937.32,137.08,240.56,219.91
2024-01-17 05:00:00,596.1,160.17,304.08,142.89,205.48,94.08,929.13,135.6,236.97,215.55
2024-01-18 05:00:00,593.7,162.67,304.49,144.99,211.61,95.38,930.0,137.47,239.42,211.88
2024-01-19 05:00:00,611.55,174.23,307.81,147.97,218.36,96.26,933.4,137.63,242.96,212.19
2024-01-22 05:00:00,603.59,168.18,310.16,147.71,218.84,97.09,942.83,138.23,245.59,208.8
2024-01-23 05:00:00,597.18,168.42,309.91,148.68,223.93,101.01,954.58,138.88,248.45,209.14
2024-01-24 05:00:00,606.48,178.29,305.5,150.35,221.69,100.83,948.24,138.73,243.08,207.83
2024-01-25 05:00:00,622.58,180.33,310.26,153.64,219.41,102.01,948.87,140.81,244.35,182.63
2024-01-26 05:00:00,613.93,177.25,311.77,153.79,215.12,101.76,940.05,141.76,247.79,183.25
2024-01-29 05:00:00,630.23,177.83,313.45,154.84,217.47,101.39,955.8,142.94,255.67,190.93
2024-01-30 05:00:00,627.96,172.06,314.62,153.05,215.17,101.97,959.73,142.51,257.43,191.59
2024-01-31 05:00:00,617.78,167.69,314.26,141.8,210.57,100.39,942.78,140.28,249.77,187.29
2024-02-01 05:00:00,627.91,170.48,324.56,142.71,213.01,102.02,957.78,143.11,254.9,188.86
2024-02-02 05:00:00,634.76,177.66,323.19,143.54,214.99,103.12,945.18,143.68,217.39,187.91
2024-02-05 05:00:00,630.5,174.23,321.97,144.93,221.02,104.16,936.33,142.75,215.05,181.06
2024-02-06 05:00:00,607.14,167.88,316.07,145.41,223.0,104.23,937.81,142.16,211.26,185.1
2024-02-07 05:00:00,615.85,170.94,295.87,146.68,221.37,105.06,938.49,143.25,209.46,187.58
2024-02-08 05:00:00,615.86,169.35,294.85,147.22,227.83,105.61,946.43,146.06,212.29,189.56
2024-02-09 05:00:00,627.21,172.48,291.12,150.22,233.55,106.01,953.42,145.87,218.76,193.57
2024-02-12 05:00:00,611.84,171.91,294.43,148.73,236.68,106.02,947.06,145.41,216.17,188.13
2024-02-13 05:00:00,601.89,171.54,290.48,146.37,232.07,105.19,940.48,144.94,210.07,184.02
2024-02-14 05:00:00,604.66,178.7,290.07,147.14,233.96,106.67,947.82,144.49,215.89,188.71
2024-02-15 05:00:00,590.44,176.76,289.07,143.94,234.49,108.06,954.73,144.39,213.12,200.45
2024-02-16 05:00:00,546.66,173.87,283.7,141.76,232.16,107.77,948.05,144.08,207.84,199.95
2024-02-20 05:00:00,541.91,165.69,283.51,142.2,231.35,107.41,946.87,144.45,204.78,193.76
2024-02-21 05:00:00,538.52,164.29,283.46,143.84,235.32,108.67,952.84,144.82,204.11,194.77
2024-02-22 05:00:00,537.57,181.86,285.18,145.32,239.5,110.52,964.89,146.9,205.43,197.41
2024-02-23 05:00:00,553.44,176.52,289.18,145.29,238.85,110.78,981.2,148.03,204.44,191.97
2024-02-26 05:00:00,560.48,176.01,286.37,138.75,243.79,112.25,989.28,147.84,204.66,199.4
2024-02-27 05:00:00,552.49,178.0,278.49,140.1,245.73,111.33,993.35,149.62,205.82,199.73
2024-02-28 05:00:00,551.82,176.54,277.46,137.43,243.98,111.37,987.61,150.45,207.05,202.04
2024-02-29 05:00:00,560.28,192.53,273.83,139.78,249.73,110.89,966.09,148.96,207.42,201.88
2024-03-01 05:00:00,570.93,202.64,280.33,138.08,257.51,113.19,982.82,149.63,209.2,202.64
2024-03-04 05:00:00,567.94,205.36,279.39,134.2,254.3,112.29,971.19,149.96,207.6,188.14
2024-03-05 05:00:00,544.84,205.13,276.65,133.78,248.46,114.08,965.21,149.17,196.33,180.74
2024-03-06 05:00:00,543.09,210.63,276.59,132.56,251.25,115.47,972.1,148.12,198.14,176.54
2024-03-07 05:00:00,556.04,211.38,272.86,135.24,259.04,114.33,973.31,146.02,202.96,178.65
2024-03-08 05:00:00,551.69,207.39,273.75,136.29,252.03,114.65,968.83,145.74,208.8,175.34
2024-03-11 04:00:00,560.42,198.39,275.36,138.94,253.29,114.03,964.44,145.87,215.63,177.77
2024-03-12 04:00:00,579.14,202.76,276.54,139.62,257.46,114.78,970.57,146.49,217.36,177.54
2024-03-13 04:00:00,573.55,194.79,275.99,140.77,250.98,115.97,965.47,147.09,207.73,169.48
2024-03-14 04:00:00,570.45,187.06,271.54,144.34,243.73,115.21,959.04,146.02,202.7,162.5
2024-03-15 04:00:00,492.46,191.06,268.87,142.17,237.54,118.33,964.47,145.12,194.43,163.57
2024-03-18 04:00:00,513.86,190.65,270.9,148.48,236.62,120.34,959.92,144.31,197.01,173.8
2024-03-19 04:00:00,521.19,181.42,271.73,147.92,236.38,121.0,963.66,146.43,196.43,171.32
2024-03-20 04:00:00,519.14,179.73,273.05,149.68,241.27,121.45,966.96,146.98,196.22,175.66
2024-03-21 04:00:00,511.25,178.68,276.95,148.74,246.11,124.42,968.01,147.19,197.26,172.82
2024-03-22 04:00:00,499.52,179.65,276.17,151.77,244.33,123.75,967.24,145.37,192.53,170.83
2024-03-25 04:00:00,507.23,178.63,280.82,151.15,240.34,123.395,961.09,144.59,193.265,172.63
2024-03-26 04:00:00,507.6,177.87,281.77,151.7,239.06,123.01,963.55,144.57,192.0,177.67
2024-03-27 04:00:00,504.4,179.59,286.3,151.94,245.44,124.46,966.3,147.19,193.14,179.83
2024-03-28 04:00:00,504.6,180.49,284.32,152.26,247.77,123.89,962.49,146.76,195.11,175.79
2024-04-01 04:00:00,502.09,183.34,283.04,156.5,246.28,123.1,969.31,145.09,193.37,175.22
2024-04-02 04:00:00,499.21,178.7,276.21,155.87,240.77,121.6,954.68,143.68,196.02,166.63
2024-04-03 04:00:00,497.01,180.77,274.42,156.37,243.88,120.42,950.95,141.52,195.24,168.38
2024-04-04 04:00:00,487.11,165.83,268.09,151.94,239.17,120.53,937.02,139.71,192.32,171.11
2024-04-05 04:00:00,485.12,170.42,269.95,153.94,241.01,122.21,942.7,139.53,196.62,164.9
2024-04-08 04:00:00,484.28,169.9,269.2,156.14,244.92,122.51,938.48,140.27,198.55,172.98
2024-04-09 04:00:00,492.55,170.78,270.36,158.14,251.83,119.18,943.89,139.92,202.92,176.88
2024-04-10 04:00:00,487.22,167.14,266.45,157.66,241.08,118.69,936.2,138.29,204.74,171.76
2024-04-11 04:00:00,484.28,170.5,270.0,160.79,244.33,118.88,920.32,139.94,214.65,174.6
2024-04-12 04:00:00,474.09,163.28,267.28,159.19,233.61,118.16,904.7,135.99,206.53,171.05
2024-04-15 04:00:00,470.1,160.32,265.51,156.33,230.11,118.02,898.56,133.65,191.84,161.48
2024-04-16 04:00:00,476.22,163.46,265.64,156.0,230.68,117.54,894.14,133.83,194.85,157.11
2024-04-17 04:00:00,474.45,154.02,264.07,156.88,226.92,115.93,901.19,132.79,195.07,155.45
2024-04-18 04:00:00,473.18,155.08,262.75,157.46,219.35,113.76,893.99,131.8,193.61,149.93
2024-04-19 04:00:00,465.02,146.64,268.93,155.72,215.12,111.19,896.82,133.34,191.55,147.05
2024-04-22 04:00:00,466.89,148.64,271.91,157.95,218.66,112.58,900.16,133.77,194.27,142.05
2024-04-23 04:00:00,472.9,152.27,273.54,159.92,225.61,113.32,907.32,133.09,199.44,144.68
2024-04-24 04:00:00,477.12,151.74,273.01,161.1,235.04,113.74,906.54,132.61,199.01,162.13
2024-04-25 04:00:00,473.44,153.76,269.38,157.95,238.08,112.62,890.68,132.15,198.41,170.18
2024-04-26 04:00:00,477.56,157.4,269.98,173.69,242.7,111.96,883.2,133.61,179.45,168.29
2024-04-29 04:00:00,473.07,160.2,276.38,167.9,247.13,113.64,892.48,131.06,177.07,194.05
2024-04-30 04:00:00,462.83,158.38,273.94,164.64,256.19,106.11,890.66,129.55,172.3,183.28
2024-05-01 04:00:00,469.39,144.27,277.37,165.57,249.43,106.34,903.48,127.82,172.77,179.99
2024-05-02 04:00:00,476.57,146.16,278.39,168.46,254.26,106.46,937.61,127.68,183.55,180.01
2024-05-03 04:00:00,486.18,150.6,311.29,168.99,257.85,104.79,957.0,130.84,183.52,181.19
2024-05-06 04:00:00,493.59,155.78,299.48,169.83,259.63,105.15,958.64,132.48,181.77,184.76
2024-05-07 04:00:00,492.27,154.43,300.3,172.98,258.65,106.6,969.97,131.58,184.12,177.81
2024-05-08 04:00:00,488.1,153.62,307.31,171.16,260.21,107.05,955.76,132.76,178.52,174.72
2024-05-09 04:00:00,482.65,152.39,312.86,171.58,260.8,108.92,968.0,134.87,179.85,171.97
2024-05-10 04:00:00,482.29,151.92,310.15,170.29,261.73,109.18,973.8,133.48,179.75,168.47
2024-05-13 04:00:00,483.11,150.56,308.45,170.9,263.93,106.85,976.96,133.6,182.83,171.89
2024-05-14 04:00:00,475.95,153.16,311.41,171.93,267.66,108.12,984.64,132.86,184.08,177.55
2024-05-15 04:00:00,485.35,159.67,319.04,173.88,272.0,108.08,978.21,133.0,184.21,173.99
2024-05-16 04:00:00,482.88,162.62,314.72,175.43,269.61,105.93,967.98,134.34,182.21,174.84
2024-05-17 04:00:00,483.43,164.47,312.47,177.29,267.72,106.0,982.29,132.33,179.72,177.46
2024-05-20 04:00:00,484.69,166.33,314.54,178.46,273.57,105.42,987.27,131.52,179.84,174.95
2024-05-21 04:00:00,481.85,164.66,314.85,179.54,274.42,105.6,993.95,132.3,178.05,186.6
2024-05-22 04:00:00,483.93,165.52,309.41,178.0,278.83,108.33,983.8,131.51,174.8,180.11
2024-05-23 04:00:00,483.31,160.43,306.5,175.06,272.72,108.87,980.57,131.86,174.18,173.74
2024-05-24 04:00:00,475.43,166.36,305.84,176.33,277.17,109.43,985.02,142.13,168.86,179.24
2024-05-28 04:00:00,478.43,171.61,300.19,178.02,279.63,107.95,973.16,137.64,164.82,176.75
2024-05-29 04:00:00,477.6,165.14,296.37,177.4,273.83,105.24,966.49,139.1,165.76,176.19
2024-05-30 04:00:00,445.87,166.75,301.0,173.56,271.43,105.75,969.91,139.84,160.39,178.79
2024-05-31 04:00:00,444.76,166.9,305.85,173.96,272.1,107.5,980.16,139.76,156.86,178.08
2024-06-03 04:00:00,439.02,163.55,307.42,174.42,269.94,105.49,989.48,141.22,159.42,176.29
2024-06-04 04:00:00,448.37,159.99,307.37,175.13,266.3,105.94,993.29,140.94,157.94,174.77
2024-06-05 04:00:00,455.8,166.17,307.38,177.07,275.7,110.01,1005.87,144.34,157.88,175.0
2024-06-06 04:00:00,458.13,166.78,305.69,178.35,272.01,109.1,1000.79,144.15,163.46,177.94
2024-06-07 04:00:00,465.43,167.87,305.02,175.95,271.89,107.67,1002.95,144.275,163.36,177.48
2024-06-10 04:00:00,459.94,160.34,304.72,176.63,276.85,107.43,1001.73,144.76,162.17,173.79
2024-06-11 04:00:00,462.69,158.96,300.7,178.19,277.93,106.0,1010.54,144.58,163.16,170.66
2024-06-12 04:00:00,459.87,160.24,301.08,179.56,282.99,106.72,1027.67,144.39,162.83,177.29
2024-06-13 04:00:00,458.74,159.9,298.5,176.74,275.47,107.1,1026.55,145.65,156.02,182.47
2024-06-14 04:00:00,525.31,159.63,298.62,178.37,268.85,106.72,1036.52,145.93,160.09,178.01
2024-06-17 04:00:00,518.74,158.4,303.28,178.78,271.26,107.75,1045.37,150.38,156.62,187.44
2024-06-18 04:00:00,522.25,154.63,305.99,176.45,271.4,107.7,1039.11,148.69,153.18,184.86
2024-06-20 04:00:00,522.95,161.78,309.89,177.71,264.68,107.23,1044.39,147.37,157.52,181.57
2024-06-21 04:00:00,533.44,161.23,308.16,180.26,271.03,105.96,1053.14,149.29,162.46,183.01
2024-06-24 04:00:00,524.17,160.25,318.15,180.79,267.27,106.89,1063.89,149.25,164.75,182.58
2024-06-25 04:00:00,526.88,160.25,319.31,185.58,269.92,106.48,1071.19,148.46,167.45,187.35
2024-06-26 04:00:00,528.66,157.54,312.82,185.37,268.17,104.29,1069.16,148.74,171.66,196.37
2024-06-27 04:00:00,546.76,159.47,313.69,186.86,265.01,103.97,1050.86,146.08,172.99,197.42
2024-06-28 04:00:00,555.54,162.21,312.45,183.42,269.09,102.94,1051.03,145.32,176.88,197.88
2024-07-01 04:00:00,560.01,157.69,311.01,184.49,265.67,101.84,1057.02,145.24,178.25,209.86
2024-07-02 04:00:00,567.71,164.31,310.77,186.61,272.04,100.91,1044.66,144.4,182.28,231.26
2024-07-03 04:00:00,570.15,163.9,309.38,187.39,272.29,102.0,1024.09,144.0,182.26,246.39
2024-07-05 04:00:00,578.34,171.9,310.88,191.96,273.54,100.22,1034.23,145.55,187.32,251.52
2024-07-08 04:00:00,575.4,178.69,311.46,190.48,277.22,101.28,1052.25,146.69,181.8,252.94
2024-07-09 04:00:00,566.02,177.1,315.91,190.44,274.91,101.34,1054.03,146.83,177.98,262.33
2024-07-10 04:00:00,564.55,183.96,321.67,192.66,282.37,101.5,1071.12,148.03,174.45,263.26
2024-07-11 04:00:00,557.63,181.94,325.09,187.3,274.58,103.23,1080.27,150.8,177.63,241.03
2024-07-12 04:00:00,559.05,181.61,330.83,186.78,280.19,103.11,1100.05,151.73,181.45,248.23
2024-07-15 04:00:00,565.71,179.83,330.15,188.19,282.77,104.55,1082.11,148.08,179.95,252.64
2024-07-16 04:00:00,566.54,177.55,333.14,185.5,290.78,108.89,1094.99,148.87,183.17,256.56
2024-07-17 04:00:00,563.09,159.43,335.67,182.62,276.29,109.21,1085.62,147.6,178.92,248.5
2024-07-18 04:00:00,556.85,155.77,330.97,179.22,279.27,109.98,1067.26,144.5,176.1,249.23
2024-07-19 04:00:00,551.0,151.58,331.29,179.39,269.29,107.81,1063.6,143.5,176.5,239.2
2024-07-22 04:00:00,554.82,155.87,335.97,183.35,283.81,109.06,1069.74,144.92,175.55,251.51
2024-07-23 04:00:00,546.01,154.0,333.24,183.6,262.3,97.1,1055.57,143.78,175.12,246.38
2024-07-24 04:00:00,531.04,144.63,335.61,174.37,254.4,98.9,1060.86,142.09,167.6,215.99
2024-07-25 04:00:00,532.15,138.32,334.3,169.16,247.51,97.6,1064.19,141.11,178.22,220.25
2024-07-26 04:00:00,542.44,139.99,334.85,168.68,253.62,99.24,1078.63,140.91,177.32,219.8
2024-07-29 04:00:00,536.61,139.75,332.51,171.13,255.81,98.32,1077.19,141.91,178.14,232.1
2024-07-30 04:00:00,538.71,138.44,333.28,171.86,251.68,97.05,1077.8,142.75,174.38,222.62
2024-07-31 04:00:00,551.65,144.48,332.47,173.15,263.16,98.66,1079.19,143.23,176.57,232.07
2024-08-01 04:00:00,546.41,132.54,335.53,172.45,243.62,96.3,1093.14,142.975,173.24,216.86
2024-08-02 04:00:00,526.17,132.5,333.99,168.4,237.75,94.36,1082.19,140.24,143.68,207.67
2024-08-05 04:00:00,509.32,134.82,325.22,160.64,235.41,91.93,1071.28,136.06,142.85,198.88
2024-08-06 04:00:00,514.2,130.18,328.95,160.54,236.76,92.28,1066.19,136.98,139.85,200.64
2024-08-07 04:00:00,513.62,128.67,312.5,160.75,229.29,91.64,1067.8,136.33,137.41,191.76
2024-08-08 04:00:00,530.24,136.32,324.69,163.84,245.24,93.28,1113.35,139.22,138.79,198.84
2024-08-09 04:00:00,536.3,134.27,322.49,165.39,242.02,92.86,1131.24,139.64,141.43,200.0
2024-08-12 04:00:00,530.93,136.77,320.0,163.95,240.16,92.17,1121.09,140.67,140.55,197.49
2024-08-13 04:00:00,535.22,141.13,323.45,165.93,248.01,92.68,1158.33,141.65,143.2,207.83
2024-08-14 04:00:00,539.79,140.75,322.73,162.03,243.64,93.69,1156.86,141.34,143.5,201.38
2024-08-15 04:00:00,554.16,147.36,325.39,163.17,253.25,95.01,1175.33,147.8,146.83,214.14
2024-08-16 04:00:00,553.46,148.56,321.44,164.74,254.44,95.17,1179.31,147.4,154.21,216.12
2024-08-19 04:00:00,563.12,155.28,327.97,168.4,258.24,95.97,1196.88,147.4,159.0,222.72
2024-08-20 04:00:00,562.25,156.4,328.55,168.96,254.02,95.69,1192.23,147.7,156.29,221.1
2024-08-21 04:00:00,565.79,157.81,329.15,167.63,254.31,96.02,1185.34,153.95,158.34,223.27
2024-08-22 04:00:00,557.44,151.7,324.53,165.49,245.36,95.28,1187.66,152.52,155.87,210.66
2024-08-23 04:00:00,558.3,154.98,328.8,167.43,252.63,96.46,1199.12,155.21,160.0,220.32
2024-08-26 04:00:00,559.44,149.99,326.78,167.93,249.84,95.87,1199.37,154.21,165.02,213.21
2024-08-27 04:00:00,567.82,150.5,326.93,166.38,252.73,94.36,1201.76,153.33,164.32,209.21
2024-08-28 04:00:00,560.54,146.36,329.49,164.5,246.91,94.53,1199.29,149.9,161.94,205.75
2024-08-29 04:00:00,569.63,145.49,331.01,163.4,248.78,94.65,1178.93,151.8,167.45,206.28
2024-08-30 04:00:00,574.41,148.56,333.83,165.11,256.36,96.18,1184.69,150.61,165.6,214.11
2024-09-03 04:00:00,571.04,136.94,330.51,158.61,236.14,95.56,1168.81,151.68,163.8,210.6
2024-09-04 04:00:00,575.25,140.87,330.64,157.81,238.86,95.0,1179.37,151.76,162.3,219.41
2024-09-05 04:00:00,567.93,139.44,324.36,158.6,236.7,92.57,1150.56,153.14,161.9,230.17
2024-09-06 04:00:00,563.41,134.35,320.56,152.13,226.7,93.25,1131.5,150.53,161.31,210.73
2024-09-09 04:00:00,569.88,138.15,325.92,149.54,230.6,94.97,1144.77,150.79,162.69,216.27
2024-09-10 04:00:00,574.48,142.84,328.93,150.01,225.19,94.57,1136.35,150.79,162.25,226.17
2024-09-11 04:00:00,580.38,149.86,329.98,152.15,230.87,94.25,1141.45,151.13,166.1,228.13
2024-09-12 04:00:00,586.55,150.77,330.06,155.54,225.14,95.07,1164.46,152.68,165.69,229.81
2024-09-13 04:00:00,536.87,152.31,332.45,158.37,229.93,95.12,1153.35,155.25,163.74,230.29
2024-09-16 04:00:00,521.5,152.08,335.26,158.99,230.01,95.7,1153.08,153.17,165.15,226.78
2024-09-17 04:00:00,515.03,150.82,332.8,160.28,232.57,97.99,1146.75,150.32,155.82,227.87
2024-09-18 04:00:00,508.13,148.29,332.92,160.81,231.51,96.32,1138.81,150.73,159.84,227.2
2024-09-19 04:00:00,526.44,156.74,335.95,163.24,238.72,99.52,1150.19,154.44,163.1,243.92
2024-09-20 04:00:00,522.3,155.95,337.38,164.64,231.88,98.91,1145.03,154.31,163.08,238.25
2024-09-23 04:00:00,527.87,156.75,335.61,163.07,231.86,98.79,1091.98,149.98,161.98,250.0
2024-09-24 04:00:00,524.07,158.32,330.92,163.64,233.75,99.17,1045.98,152.27,162.62,254.27
2024-09-25 04:00:00,517.9,162.02,312.86,162.99,233.97,98.12,1031.15,153.08,161.9,257.02
2024-09-26 04:00:00,515.38,167.49,319.1,163.83,242.24,97.81,1039.96,152.82,163.14,254.22
2024-09-27 04:00:00,515.48,164.35,322.67,165.29,244.93,98.13,1042.69,151.56,161.22,260.46
2024-09-30 04:00:00,517.78,164.08,322.21,167.19,240.01,98.68,1051.24,150.51,158.81,261.63
2024-10-01 04:00:00,502.8,159.75,320.32,168.42,232.22,98.05,1046.91,148.19,161.42,258.02
2024-10-02 04:00:00,505.81,159.78,319.73,167.31,235.36,97.92,1040.27,147.73,160.24,249.02
2024-10-03 04:00:00,503.8,162.85,317.48,167.21,233.24,101.25,1014.59,146.78,160.44,240.66
2024-10-04 04:00:00,507.22,170.9,319.66,168.56,234.24,103.41,1012.82,145.58,171.0,250.08
2024-10-07 04:00:00,487.3,170.97,317.45,164.39,234.02,102.98,996.05,140.12,167.53,240.83
2024-10-08 04:00:00,496.24,172.8,317.68,165.7,234.96,102.8,1005.26,141.82,168.02,244.5
2024-10-09 04:00:00,494.08,171.02,322.41,163.06,238.31,103.77,1012.19,142.39,177.1,241.05
2024-10-10 04:00:00,503.57,164.18,321.01,163.18,236.17,103.62,999.02,141.03,184.0,238.77
2024-10-11 04:00:00,495.42,167.89,328.35,164.52,238.1,106.8,1015.67,143.36,187.06,217.8
2024-10-14 04:00:00,509.65,165.27,324.62,166.35,243.44,108.22,1014.25,143.32,194.0,219.16
2024-10-15 04:00:00,508.03,156.64,325.09,166.9,232.85,106.41,1016.53,146.25,190.89,219.57
2024-10-16 04:00:00,502.54,156.13,321.63,166.74,232.73,107.03,1007.96,147.78,189.35,221.33
2024-10-17 04:00:00,496.83,156.25,321.33,164.51,232.28,107.56,998.23,149.19,188.5,220.89
2024-10-18 04:00:00,494.9,155.97,321.66,165.05,233.45,110.09,990.68,149.9,191.7,220.7
2024-10-21 04:00:00,497.71,157.9,316.74,165.8,230.15,109.61,968.5,147.29,192.83,218.85
2024-10-22 04:00:00,493.11,154.09,319.66,166.82,231.52,104.79,962.34,145.75,193.87,217.97
2024-10-23 04:00:00,485.03,152.91,314.9,164.48,236.32,103.8,941.39,145.24,188.76,213.65
2024-10-24 04:00:00,482.87,153.44,315.69,164.53,239.06,104.84,928.9,144.38,189.35,260.48
2024-10-25 04:00:00,483.72,156.23,316.98,166.99,243.16,105.9,933.02,144.22,188.73,269.19
2024-10-28 04:00:00,481.04,159.92,317.17,168.34,249.7,107.07,928.61,143.16,188.66,262.51
2024-10-29 04:00:00,485.39,166.25,316.0,171.14,255.58,106.67,927.33,139.01,191.74,259.52
2024-10-30 04:00:00,486.68,148.6,315.54,176.14,245.32,104.9,922.79,139.59,190.44,257.55
2024-10-31 04:00:00,478.08,144.07,320.16,172.69,234.5,104.28,838.2,139.72,188.54,249.85
2024-11-01 04:00:00,482.8,141.86,319.22,172.65,238.59,103.35,843.6,140.06,224.35,248.98
2024-11-04 05:00:00,481.35,140.71,316.91,170.68,236.9,104.82,828.84,140.66,218.96,242.84
2024-11-05 05:00:00,486.42,141.66,319.29,171.41,224.65,108.07,829.43,142.32,221.58,251.44
2024-11-06 05:00:00,504.83,145.1,321.79,178.33,231.38,116.01,816.65,138.59,225.57,288.53
2024-11-07 05:00:00,500.92,149.82,321.91,182.28,236.12,112.72,824.48,142.04,233.96,296.91
2024-11-08 05:00:00,494.68,147.95,325.28,179.86,233.89,114.38,828.42,143.4,237.8,321.22
2024-11-11 05:00:00,504.48,147.35,321.81,181.97,227.04,116.43,825.68,142.36,245.85,350.0
2024-11-12 05:00:00,526.42,143.63,298.84,183.32,224.79,116.79,821.0,140.31,245.28,328.49
2024-11-13 05:00:00,532.5,139.3,301.44,180.49,222.96,116.8,804.33,140.46,252.78,330.24
2024-11-14 05:00:00,529.87,138.84,295.93,177.35,223.96,115.06,782.51,142.33,249.99,311.18
2024-11-15 05:00:00,503.37,134.9,283.61,173.89,217.04,112.26,756.81,140.69,240.04,320.72
2024-11-18 05:00:00,499.51,138.93,278.76,176.8,220.19,111.88,762.0,141.3,238.69,338.74
2024-11-19 05:00:00,499.61,139.39,279.95,179.58,219.91,110.38,744.6,139.26,247.73,346.0
2024-11-20 05:00:00,499.5,137.6,287.87,177.33,220.34,109.99,743.35,139.32,245.45,342.03
2024-11-21 05:00:00,504.44,137.49,289.9,169.24,224.57,114.05,744.5,142.96,253.97,339.64
2024-11-22 05:00:00,512.15,138.35,294.53,166.57,226.38,114.75,738.0,146.09,260.58,352.56
2024-11-25 05:00:00,518.73,141.13,294.0,169.43,233.85,116.54,749.51,153.29,261.0,338.59
2024-11-26 05:00:00,525.3,137.72,280.01,170.62,228.66,115.82,753.03,154.38,262.23,338.23
2024-11-27 05:00:00,513.68,136.24,280.07,170.82,226.53,116.18,754.87,154.89,262.46,332.89
2024-11-29 05:00:00,515.93,137.175,282.87,170.49,229.37,117.0,750.22,154.87,263.58,345.16
2024-12-02 05:00:00,516.2,142.06,278.1,172.98,233.61,116.24,762.34,156.36,265.88,357.09
2024-12-03 05:00:00,516.26,141.98,278.32,173.02,228.36,116.85,749.57,153.72,268.36,351.42
2024-12-04 05:00:00,536.49,143.99,278.26,176.09,223.66,118.41,754.26,154.48,287.5,357.93
2024-12-05 05:00:00,538.22,141.36,274.33,174.31,216.99,117.62,767.9,156.61,276.72,369.49
2024-12-06 05:00:00,552.96,138.59,272.58,176.49,218.66,115.88,778.0,156.48,278.5,389.22
2024-12-09 05:00:00,547.93,130.87,277.63,177.1,223.61,114.83,788.0,156.24,273.14,389.79
2024-12-10 05:00:00,547.05,127.74,275.75,186.53,217.94,115.37,778.5,155.77,266.45,400.99
2024-12-11 05:00:00,549.93,130.15,273.41,196.71,219.84,115.85,773.0,153.84,274.65,424.77
2024-12-12 05:00:00,474.63,130.6,274.06,193.63,217.73,112.8,740.97,153.88,279.18,418.1
2024-12-13 05:00:00,465.69,126.91,270.62,191.38,216.84,113.01,731.3,153.53,278.65,436.23
2024-12-16 05:00:00,461.53,126.69,266.5,198.16,218.18,112.33,724.87,149.92,278.09,463.02
2024-12-17 05:00:00,455.23,125.02,265.95,197.12,219.02,111.66,740.01,150.85,269.79,479.86
2024-12-18 05:00:00,441.31,121.41,258.78,190.15,210.29,107.78,714.62,148.6,250.19,440.13
2024-12-19 05:00:00,437.39,118.88,261.19,189.7,207.27,107.51,708.25,147.79,251.23,436.17
2024-12-20 05:00:00,447.17,119.21,263.38,192.96,210.24,105.32,701.85,149.15,257.26,421.06
2024-12-23 05:00:00,446.74,124.6,264.0,195.99,214.09,104.7,715.13,148.68,251.4,430.6
2024-12-24 05:00:00,447.94,126.29,264.49,197.57,215.4,105.18,714.47,150.475,257.49,462.28
2024-12-26 05:00:00,450.16,125.06,263.18,197.1,215.04,105.43,716.68,153.87,254.24,454.13
2024-12-27 05:00:00,446.48,125.19,262.65,194.04,213.76,104.57,712.4,152.96,250.11,431.66
2024-12-30 05:00:00,445.8,122.44,259.3,192.69,207.47,103.61,702.59,151.5,247.1,417.41
2024-12-31 05:00:00,444.68,120.79,260.64,190.44,207.85,104.02,712.33,151.27,243.38,403.84
2025-01-02 05:00:00,441.0,120.63,259.28,190.63,206.21,103.42,715.19,152.6,242.39,379.28
2025-01-03 05:00:00,430.57,125.37,261.22,193.13,208.86,104.9,718.15,154.25,250.27,410.44
2025-01-06 05:00:00,431.18,129.55,258.59,197.96,213.41,107.24,716.26,154.95,254.63,411.05
2025-01-07 05:00:00,422.63,127.33,262.06,196.71,212.58,109.56,730.3,151.56,247.85,394.36
2025-01-08 05:00:00,419.58,121.84,264.21,195.39,209.72,108.5,733.59,154.63,244.49,394.94
2025-01-10 05:00:00,405.92,116.04,262.23,193.17,206.75,106.58,696.88,151.74,242.39,394.74
2025-01-13 05:00:00,408.5,117.32,270.19,192.29,206.83,108.16,716.9,151.16,236.24,403.31
2025-01-14 05:00:00,412.71,116.09,267.1,191.05,210.63,110.2,690.87,149.12,246.4,396.36
2025-01-15 05:00:00,417.28,119.96,268.94,196.98,213.56,109.63,703.43,149.01,250.03,428.22
2025-01-16 05:00:00,426.93,118.44,269.43,194.41,210.76,109.48,693.23,149.0,254.25,413.82
2025-01-17 05:00:00,429.99,121.46,272.11,197.55,215.36,110.33,681.58,149.15,252.36,426.5
2025-01-21 05:00:00,436.36,122.28,274.81,199.63,214.88,110.11,687.8,148.94,256.19,424.07
2025-01-22 05:00:00,437.32,123.75,273.44,200.03,216.09,109.84,680.03,149.79,260.85,415.11
2025-01-23 05:00:00,437.28,123.04,277.88,199.58,219.88,110.06,694.64,148.61,265.7,412.38
2025-01-24 05:00:00,435.38,122.84,275.42,201.9,213.43,109.9,675.79,149.28,264.81,406.58
2025-01-27 05:00:00,438.6,115.01,282.95,193.77,215.08,109.91,684.71,146.01,268.0,397.15
2025-01-28 05:00:00,442.84,114.17,280.3,197.07,213.43,107.25,686.33,147.92,274.71,398.09
2025-01-29 05:00:00,441.68,117.35,281.68,197.18,213.01,110.89,687.27,150.15,271.33,389.1
2025-01-30 05:00:00,446.0,118.86,284.02,202.63,211.39,112.51,683.08,152.92,266.95,400.28
2025-01-31 05:00:00,437.45,115.95,285.42,205.6,208.55,110.88,672.98,150.56,306.78,404.6
2025-02-03 05:00:00,438.6,114.27,288.87,202.64,204.73,109.13,666.85,147.07,311.4,383.68
2025-02-04 05:00:00,440.23,119.5,289.02,207.71,202.4,108.48,697.05,146.95,316.73,392.21
2025-02-05 05:00:00,437.63,112.01,307.81,193.3,213.24,106.99,716.72,147.44,320.8,378.17
2025-02-06 05:00:00,435.4,110.16,297.78,193.31,216.82,107.68,722.07,145.02,319.0,374.32
2025-02-07 05:00:00,433.07,107.56,293.54,187.14,212.93,106.02,710.0,142.59,314.28,361.62
2025-02-10 05:00:00,451.1,110.48,294.79,188.2,210.05,106.11,690.36,142.13,322.94,350.73
2025-02-11 05:00:00,458.82,111.1,296.66,187.07,210.97,106.09,665.46,141.27,315.0,328.5
2025-02-12 05:00:00,462.76,111.72,295.06,185.43,219.79,103.11,663.86,139.55,318.45,336.51
2025-02-13 05:00:00,459.22,111.81,296.97,187.88,219.59,105.26,674.27,140.44,316.0,355.94
2025-02-14 05:00:00,460.16,113.1,291.16,186.87,224.14,105.96,673.6,138.76,313.1,355.84
2025-02-18 05:00:00,464.11,114.28,292.8,185.8,228.86,106.54,680.0,139.09,315.44,354.11
2025-02-19 05:00:00,456.99,114.69,294.27,187.13,245.58,107.21,685.66,139.73,303.72,360.56
2025-02-20 05:00:00,454.69,114.17,297.93,186.64,245.86,106.46,696.02,139.09,298.49,354.4
2025-02-21 05:00:00,444.32,110.84,303.01,181.58,236.52,104.46,700.33,136.61,285.99,337.8
2025-02-24 05:00:00,444.42,108.11,309.72,181.19,233.15,106.25,713.25,135.93,284.06,330.53
2025-02-25 05:00:00,443.41,103.96,315.63,177.37,228.56,106.58,723.47,136.45,284.26,302.8
2025-02-26 05:00:00,441.5,104.74,306.38,174.7,229.38,106.03,706.94,138.78,288.76,290.8
2025-02-27 05:00:00,437.19,99.51,305.82,170.21,216.87,105.5,702.78,138.02,278.48,281.95
2025-02-28 05:00:00,438.56,99.86,308.06,172.22,215.59,107.24,698.74,140.32,284.26,292.98
2025-03-03 05:00:00,440.72,98.23,310.78,168.66,216.53,105.02,684.87,136.81,274.22,284.65
2025-03-04 05:00:00,446.03,100.75,312.19,172.61,211.16,101.48,675.49,135.97,273.62,272.04
2025-03-05 05:00:00,451.24,101.67,316.57,174.99,216.77,102.97,687.15,138.64,276.73,279.1
2025-03-06 05:00:00,444.78,98.85,317.82,174.21,214.47,106.89,698.44,137.89,250.66,263.45
2025-03-07 05:00:00,449.4,100.31,324.86,175.75,222.56,110.06,707.51,135.96,238.86,262.67
2025-03-10 04:00:00,435.08,96.63,327.36,167.81,208.84,110.56,744.83,132.12,215.89,222.15
2025-03-11 04:00:00,433.66,96.76,318.89,165.98,205.8,104.72,718.16,128.65,224.1,230.58
2025-03-12 04:00:00,438.6,100.79,312.5,169.0,204.45,102.33,689.5,126.52,226.44,248.09
2025-03-13 04:00:00,377.84,98.11,312.64,164.73,201.02,98.42,680.61,123.3,208.0,240.68
2025-03-14 04:00:00,394.74,100.97,313.71,167.62,206.16,99.21,666.87,124.21,218.44,249.98
2025-03-17 04:00:00,399.34,104.59,317.17,166.57,209.83,101.17,678.42,125.54,220.98,238.01
2025-03-18 04:00:00,391.37,103.51,318.65,162.67,207.1,100.21,664.96,123.71,219.45,225.31
2025-03-19 04:00:00,387.89,106.23,315.75,166.28,207.38,99.59,672.36,125.95,229.86,235.86
2025-03-20 04:00:00,389.61,107.14,315.04,165.05,202.64,98.32,662.62,124.6,226.16,236.26
2025-03-21 04:00:00,387.26,106.44,316.04,166.25,200.64,97.11,658.48,123.54,227.34,248.71
2025-03-24 04:00:00,394.47,113.85,314.38,169.93,211.12,98.64,661.0,129.18,234.62,278.39
2025-03-25 04:00:00,403.64,114.81,306.86,172.79,211.33,99.24,634.14,128.13,236.22,288.14
2025-03-26 04:00:00,397.81,110.19,305.71,167.14,205.75,99.53,640.14,127.7,229.65,272.06
2025-03-27 04:00:00,396.15,106.65,305.77,164.08,200.06,98.19,635.83,129.09,222.64,273.13
2025-03-28 04:00:00,385.71,103.22,306.95,156.06,189.99,96.91,637.36,125.42,217.99,263.55
2025-03-31 04:00:00,383.53,102.74,311.55,156.23,190.06,97.37,634.23,127.79,212.21,259.16
2025-04-01 04:00:00,383.2,102.78,306.92,158.88,190.0,98.29,617.0,129.11,216.41,268.46
2025-04-02 04:00:00,385.78,102.96,305.7,158.86,193.67,99.09,625.6,132.37,223.96,282.76
2025-04-03 04:00:00,367.25,93.8,309.85,152.63,171.88,92.36,610.64,131.21,198.35,267.28
2025-04-04 04:00:00,349.07,85.76,294.39,147.74,160.81,90.88,573.45,130.31,187.67,239.43
2025-04-07 04:00:00,340.7,83.64,289.69,149.24,163.29,88.14,572.78,127.88,186.61,233.29
2025-04-08 04:00:00,340.0,78.21,280.26,146.58,153.5,86.4,556.81,126.9,183.84,221.86
2025-04-09 04:00:00,364.64,96.84,291.09,161.06,185.87,93.93,576.72,137.0,209.62,272.2
2025-04-10 04:00:00,350.05,88.7,281.41,155.37,165.59,88.77,546.39,138.89,198.03,252.4
2025-04-11 04:00:00,352.47,93.4,285.98,159.4,168.79,90.47,554.18,141.51,198.37,252.31
2025-04-14 04:00:00,350.91,94.5,293.92,161.47,170.545,89.55,571.06,143.66,200.99,252.35
2025-04-15 04:00:00,350.38,95.29,295.3,158.68,171.63,88.82,557.91,141.03,207.25,254.11
2025-04-16 04:00:00,344.19,88.29,282.64,155.5,168.59,86.81,549.28,138.68,205.31,241.55
2025-04-17 04:00:00,348.8,87.5,277.29,153.36,170.74,88.17,563.16,139.63,202.75,241.37
2025-04-21 04:00:00,343.22,85.56,273.68,149.86,171.5,87.29,561.49,135.49,192.84,227.5
2025-04-22 04:00:00,349.91,86.26,278.4,153.9,174.66,88.56,585.49,137.89,200.3,237.97
2025-04-23 04:00:00,351.96,90.39,277.9,157.72,180.87,89.08,587.85,138.22,208.27,250.74
2025-04-24 04:00:00,360.91,94.47,279.84,161.47,193.57,92.68,599.76,139.93,225.08,259.51
2025-04-25 04:00:00,367.72,96.645,280.84,163.85,193.55,91.89,602.64,139.71,228.68,284.95
2025-04-28 04:00:00,368.62,96.39,283.09,162.42,196.24,92.04,610.86,139.37,229.83,285.88
2025-04-29 04:00:00,370.98,96.06,288.56,162.06,182.62,90.29,568.91,140.78,228.49,292.03
2025-04-30 04:00:00,374.98,97.35,290.92,160.89,184.31,90.21,598.76,139.0,228.31,282.16
2025-05-01 04:00:00,374.63,96.65,283.78,162.79,181.84,89.78,590.0,138.93,229.07,280.52
2025-05-02 04:00:00,380.87,98.8,281.22,165.81,188.14,89.9,605.61,140.49,208.48,287.21
2025-05-05 04:00:00,381.06,100.59,280.06,166.05,184.95,89.45,603.58,141.47,207.78,280.26
2025-05-06 04:00:00,382.98,98.62,270.44,165.2,182.41,88.98,558.52,141.61,207.89,275.35
2025-05-07 04:00:00,384.97,100.36,275.84,152.8,186.87,88.72,560.93,143.03,205.71,276.22
2025-05-08 04:00:00,383.99,101.7,272.05,155.75,188.57,91.56,547.67,143.37,208.22,284.82
2025-05-09 04:00:00,384.91,102.72,268.9,154.09,190.52,90.95,538.7,142.235,208.29,297.38
