Date,AZO,BRK.B,MCK,MKL,NFLX,ORLY,SLM,SPOT
2022-05-02 04:00:00,2006.69,318.19,306.8,1348.73,199.46,610.65,16.93,108.86
2022-05-03 04:00:00,1976.29,318.99,307.81,1343.43,199.87,603.49,17.27,109.49
2022-05-04 04:00:00,2054.58,326.8,319.76,1368.79,204.01,628.08,18.15,112.55
2022-05-05 04:00:00,1973.09,318.68,315.23,1336.53,188.32,603.55,17.31,105.59
2022-05-06 04:00:00,2000.0,318.88,333.99,1329.02,180.97,608.4,17.0,104.68
2022-05-09 04:00:00,1951.66,312.96,326.47,1287.07,173.1,610.07,16.53,94.44
2022-05-10 04:00:00,1950.89,312.53,329.83,1287.39,177.66,611.81,15.97,99.17
2022-05-11 04:00:00,1930.98,311.54,332.09,1283.18,166.37,607.53,15.81,91.94
2022-05-12 04:00:00,1954.76,308.06,322.01,1291.06,174.31,622.34,15.96,97.08
2022-05-13 04:00:00,2001.11,310.36,324.24,1325.45,187.64,635.62,16.62,106.09
2022-05-16 04:00:00,2023.49,309.29,327.83,1325.11,186.51,638.83,16.97,101.05
2022-05-17 04:00:00,2031.87,314.6,333.16,1364.07,190.56,648.34,17.72,105.06
2022-05-18 04:00:00,1839.62,306.64,320.65,1348.89,177.19,599.87,16.98,104.4
2022-05-19 04:00:00,1889.39,304.15,319.13,1354.87,183.48,601.53,17.22,105.77
2022-05-20 04:00:00,1771.68,304.05,322.86,1333.08,186.35,572.57,17.55,107.27
2022-05-23 04:00:00,1805.22,310.2,327.63,1351.34,187.44,579.11,18.07,109.07
2022-05-24 04:00:00,1910.22,309.17,328.8,1341.66,180.34,608.18,18.05,103.5
2022-05-25 04:00:00,1964.66,308.64,333.48,1340.0,187.83,615.79,18.38,108.79
2022-05-26 04:00:00,2028.96,312.5,336.42,1377.07,191.4,639.15,19.05,108.62
2022-05-27 04:00:00,2055.39,319.11,334.96,1403.91,195.19,647.34,19.49,112.97
2022-05-31 04:00:00,2059.65,315.98,328.69,1369.43,197.44,637.17,19.59,112.77
2022-06-01 04:00:00,2035.11,312.21,322.21,1367.74,192.91,624.61,19.04,110.0
2022-06-02 04:00:00,2061.3,314.95,318.58,1388.44,205.09,634.12,19.56,116.5
2022-06-03 04:00:00,2058.04,310.94,316.38,1380.16,198.98,631.61,19.35,112.23
2022-06-06 04:00:00,2099.06,312.15,317.66,1392.25,197.14,637.8,19.53,111.04
2022-06-07 04:00:00,2119.98,313.65,321.65,1408.67,198.61,634.84,20.14,109.43
2022-06-08 04:00:00,2092.35,308.74,315.02,1380.36,202.83,624.83,19.65,116.03
2022-06-09 04:00:00,2101.15,300.8,312.03,1346.63,192.77,619.13,19.29,111.93
2022-06-10 04:00:00,2064.46,291.71,313.34,1330.89,182.94,607.44,18.25,102.23
2022-06-13 04:00:00,2026.66,281.56,306.99,1291.34,169.69,594.27,17.0,98.61
2022-06-14 04:00:00,2033.58,277.64,306.52,1296.65,167.54,596.69,16.99,98.05
2022-06-15 04:00:00,2013.81,278.93,307.68,1299.25,180.11,599.01,17.15,105.35
2022-06-16 04:00:00,2001.16,268.56,304.02,1261.21,173.35,585.0,14.96,97.85
2022-06-17 04:00:00,1992.55,268.08,300.57,1282.2,175.51,586.72,15.6,99.27
2022-06-21 04:00:00,2032.12,271.77,309.38,1284.83,170.91,597.35,15.68,101.4
2022-06-22 04:00:00,2071.62,269.79,311.05,1270.02,178.89,608.82,15.53,99.33
2022-06-23 04:00:00,2108.64,267.52,314.66,1270.59,181.71,628.19,15.67,102.19
2022-06-24 04:00:00,2158.91,278.28,321.55,1292.86,190.85,639.06,16.26,107.0
2022-06-27 04:00:00,2169.27,278.4,326.24,1303.87,189.14,641.12,16.28,106.27
2022-06-28 04:00:00,2125.33,273.86,321.55,1297.84,179.6,630.52,16.1,99.0
2022-06-29 04:00:00,2140.0,273.49,328.06,1285.93,178.36,637.13,16.03,97.96
2022-06-30 04:00:00,2149.12,273.02,326.21,1293.25,174.87,631.76,15.94,93.83
2022-07-01 04:00:00,2159.81,277.5,329.53,1321.87,179.95,636.08,16.54,97.52
2022-07-05 04:00:00,2140.39,275.69,322.38,1295.77,185.88,647.51,16.2,104.83
2022-07-06 04:00:00,2167.54,275.65,321.54,1300.11,184.06,657.75,16.03,102.87
2022-07-07 04:00:00,2168.6,279.28,321.25,1301.93,189.27,661.62,16.42,105.83
2022-07-08 04:00:00,2182.37,280.83,331.2,1296.51,186.975,657.88,16.27,104.24
2022-07-11 04:00:00,2160.01,278.51,328.81,1305.0,177.34,655.3,15.99,99.15
2022-07-12 04:00:00,2158.6,277.28,327.38,1305.96,174.45,653.29,15.65,99.58
2022-07-13 04:00:00,2174.89,277.47,325.18,1300.01,176.56,667.16,15.73,99.21
2022-07-14 04:00:00,2175.34,274.41,326.49,1243.46,174.78,673.78,15.47,96.32
2022-07-15 04:00:00,2215.03,278.48,330.0,1272.57,189.11,683.2,15.75,102.33
2022-07-18 04:00:00,2191.8,276.26,326.03,1253.78,190.92,672.74,15.86,103.57
2022-07-19 04:00:00,2224.32,283.55,329.97,1276.01,201.63,689.32,16.67,108.68
2022-07-20 04:00:00,2194.53,286.04,326.6,1271.97,216.44,689.96,16.66,113.25
2022-07-21 04:00:00,2138.75,286.85,327.81,1274.21,223.88,685.86,16.91,115.62
2022-07-22 04:00:00,2147.62,285.93,330.44,1262.68,220.44,688.2,16.81,111.65
2022-07-25 04:00:00,2144.87,287.99,336.2,1280.28,218.51,685.2,16.66,110.42
2022-07-26 04:00:00,2097.4,285.31,337.67,1283.06,213.91,675.35,16.35,103.97
2022-07-27 04:00:00,2132.67,290.3,339.62,1297.4,226.75,689.4,17.25,116.61
2022-07-28 04:00:00,2130.45,293.9,340.12,1274.23,226.02,707.01,15.51,114.59
2022-07-29 04:00:00,2137.39,300.6,341.58,1297.14,224.9,703.59,15.6,113.02
2022-08-01 04:00:00,2161.36,295.86,342.42,1277.04,226.21,708.99,15.85,115.35
2022-08-02 04:00:00,2153.92,292.17,335.09,1253.8,221.42,708.47,15.37,116.0
2022-08-03 04:00:00,2148.03,294.96,327.1,1215.08,226.73,705.37,15.53,120.46
2022-08-04 04:00:00,2164.13,292.91,337.81,1181.86,229.91,706.92,15.37,122.4
2022-08-05 04:00:00,2195.19,292.07,346.69,1167.94,226.78,709.01,15.33,118.73
2022-08-08 04:00:00,2218.67,292.34,347.38,1186.76,233.49,712.27,15.55,119.7
2022-08-09 04:00:00,2222.51,292.77,354.77,1177.58,229.94,717.02,15.03,115.56
2022-08-10 04:00:00,2223.27,295.11,359.61,1199.66,244.11,719.83,15.8,120.09
2022-08-11 04:00:00,2230.83,296.47,358.76,1217.84,242.7,719.41,15.95,122.73
2022-08-12 04:00:00,2259.18,301.55,365.2,1227.66,249.3,731.59,16.17,123.63
2022-08-15 04:00:00,2285.96,302.82,371.45,1230.47,249.11,737.96,15.9,122.6
2022-08-16 04:00:00,2329.52,306.65,373.84,1263.62,245.69,742.59,16.13,120.1
2022-08-17 04:00:00,2328.6,304.26,367.37,1263.04,241.15,743.76,15.94,114.15
2022-08-18 04:00:00,2320.09,304.27,368.56,1271.89,245.17,736.72,15.95,114.39
2022-08-19 04:00:00,2332.09,297.28,371.01,1249.25,241.16,736.55,15.56,111.43
2022-08-22 04:00:00,2310.67,288.69,368.12,1213.54,226.54,724.38,14.96,109.6
2022-08-23 04:00:00,2291.49,289.65,364.02,1214.01,224.55,720.09,14.97,108.03
2022-08-24 04:00:00,2231.81,293.52,363.22,1218.04,229.61,711.21,14.87,110.05
2022-08-25 04:00:00,2223.6,298.13,366.89,1232.31,233.98,713.73,15.29,113.53
2022-08-26 04:00:00,2163.02,289.96,356.79,1219.68,223.28,698.79,14.84,109.31
2022-08-29 04:00:00,2167.36,287.45,363.02,1214.32,224.57,704.77,14.86,108.56
2022-08-30 04:00:00,2137.02,285.42,364.01,1192.24,220.65,698.26,14.96,107.23
2022-08-31 04:00:00,2119.21,280.8,367.0,1194.11,223.56,697.12,15.28,108.15
2022-09-01 04:00:00,2145.59,282.43,363.83,1198.15,230.04,706.47,14.78,106.52
2022-09-02 04:00:00,2120.88,277.67,363.82,1181.38,226.11,702.7,14.68,104.42
2022-09-06 04:00:00,2130.86,276.59,360.8,1186.66,218.39,707.53,14.57,102.59
2022-09-07 04:00:00,2197.06,281.04,366.96,1193.89,228.96,724.41,15.14,105.86
2022-09-08 04:00:00,2193.25,283.34,370.16,1206.63,227.44,728.64,15.47,105.18
2022-09-09 04:00:00,2199.08,285.77,366.21,1200.16,233.57,721.02,15.8,110.28
2022-09-12 04:00:00,2220.38,288.51,363.73,1199.83,236.53,727.42,15.83,111.34
2022-09-13 04:00:00,2138.36,278.29,347.89,1186.62,218.13,695.68,15.05,101.96
2022-09-14 04:00:00,2133.01,278.42,341.4,1190.34,224.12,689.43,15.08,102.45
2022-09-15 04:00:00,2144.94,276.7,341.02,1191.42,235.38,688.87,15.49,103.96
2022-09-16 04:00:00,2165.65,274.81,346.25,1182.97,240.13,693.51,15.29,100.34
2022-09-19 04:00:00,2097.59,278.95,348.95,1199.61,243.63,695.28,15.44,99.7
2022-09-20 04:00:00,2131.47,277.13,345.56,1176.2,242.85,701.07,15.27,97.26
2022-09-21 04:00:00,2104.02,270.74,345.47,1138.64,236.87,695.425,15.1,95.39
2022-09-22 04:00:00,2082.64,268.51,346.96,1118.62,237.05,693.56,14.71,92.45
2022-09-23 04:00:00,2096.84,267.77,343.27,1101.57,226.41,688.23,14.2,89.34
2022-09-26 04:00:00,2093.68,264.32,342.88,1069.89,224.07,693.72,13.91,89.14
2022-09-27 04:00:00,2099.5,265.47,341.47,1081.58,224.36,693.19,13.89,89.5
2022-09-28 04:00:00,2169.44,271.78,348.94,1102.1,245.2,717.63,14.24,92.88
2022-09-29 04:00:00,2159.02,269.58,342.0,1101.49,239.71,711.76,14.1,86.84
2022-09-30 04:00:00,2141.93,267.02,339.87,1084.22,235.44,703.35,13.99,86.3
2022-10-03 04:00:00,2197.71,272.8,346.74,1129.18,239.04,718.19,14.64,89.0
2022-10-04 04:00:00,2205.03,280.49,355.36,1171.06,240.74,729.71,15.61,94.63
2022-10-05 04:00:00,2245.45,279.36,354.37,1148.8,236.73,732.09,15.48,91.4
2022-10-06 04:00:00,2215.88,276.31,350.89,1144.01,240.02,732.41,15.88,92.25
2022-10-07 04:00:00,2174.0,269.04,346.68,1151.88,224.75,710.77,15.49,88.01
2022-10-10 04:00:00,2233.54,266.93,347.32,1159.38,229.98,724.57,15.42,85.97
2022-10-11 04:00:00,2267.51,267.31,351.55,1146.41,214.29,730.9,15.49,82.13
2022-10-12 04:00:00,2245.99,264.0,345.39,1126.47,220.87,727.56,15.49,83.18
2022-10-13 04:00:00,2282.76,275.78,354.47,1153.0,232.51,737.98,15.68,82.65
2022-10-14 04:00:00,2255.17,272.67,352.65,1133.6,230.0,731.91,15.12,81.79
2022-10-17 04:00:00,2289.79,277.02,354.49,1147.46,245.1,736.27,15.57,86.72
2022-10-18 04:00:00,2306.86,281.67,360.88,1168.15,240.86,742.11,15.72,88.04
2022-10-19 04:00:00,2289.8,278.34,360.66,1161.78,272.38,737.72,15.34,88.75
2022-10-20 04:00:00,2258.83,273.53,359.19,1120.45,268.16,730.92,15.21,87.74
2022-10-21 04:00:00,2301.03,282.51,370.64,1133.32,289.57,744.07,15.43,88.7
2022-10-24 04:00:00,2407.52,287.48,379.11,1147.69,282.45,768.46,15.59,94.66
2022-10-25 04:00:00,2439.89,289.24,382.43,1153.46,291.02,775.73,16.4,97.05
2022-10-26 04:00:00,2423.68,288.52,385.41,1157.95,298.62,777.46,15.96,84.42
2022-10-27 04:00:00,2521.77,289.88,388.07,1165.65,296.94,813.22,16.11,81.74
2022-10-28 04:00:00,2543.5,299.63,394.72,1201.58,295.72,836.3,16.78,83.36
2022-10-31 04:00:00,2532.88,295.09,389.37,1206.1,291.88,837.17,16.59,80.58
2022-11-01 04:00:00,2535.0,294.13,382.04,1207.07,286.75,834.0,16.81,80.17
2022-11-02 04:00:00,2478.68,289.46,389.79,1207.25,273.0,815.11,16.24,75.0
2022-11-03 04:00:00,2478.46,283.85,397.58,1220.74,269.06,819.37,16.07,71.72
2022-11-04 04:00:00,2465.1,287.47,396.65,1211.01,260.79,815.74,16.35,71.05
2022-11-07 05:00:00,2505.01,290.19,395.8,1234.72,258.6,830.2,16.67,73.44
2022-11-08 05:00:00,2495.6,292.61,390.77,1218.9,263.46,833.51,16.8,73.27
2022-11-09 05:00:00,2464.89,288.65,386.22,1215.26,254.66,828.7,16.46,71.4
2022-11-10 05:00:00,2467.66,303.2,370.32,1284.93,274.97,843.85,17.49,78.44
2022-11-11 05:00:00,2408.99,309.72,356.21,1287.13,290.13,815.6,17.69,83.71
2022-11-14 05:00:00,2446.88,308.91,361.08,1271.18,299.27,824.92,17.14,82.5
2022-11-15 05:00:00,2425.6,309.98,353.68,1258.03,310.2,825.12,17.3,85.11
2022-11-16 05:00:00,2450.51,308.76,363.2,1265.63,306.02,833.98,17.07,82.5
2022-11-17 05:00:00,2420.82,307.44,366.55,1256.07,295.28,829.98,16.79,79.45
2022-11-18 05:00:00,2460.84,310.76,369.73,1259.29,287.98,838.27,16.49,76.99
2022-11-21 05:00:00,2501.0,311.2,368.79,1266.6,285.05,846.39,16.66,74.12
2022-11-22 05:00:00,2528.81,315.76,377.73,1274.08,286.69,852.13,16.96,75.25
2022-11-23 05:00:00,2516.58,316.18,380.75,1281.61,291.5,850.82,17.16,78.26
2022-11-25 05:00:00,2562.12,317.43,383.34,1304.92,285.54,855.97,17.09,78.73
2022-11-28 05:00:00,2545.98,313.27,380.34,1288.14,281.17,852.56,16.76,76.73
2022-11-29 05:00:00,2556.05,315.13,381.78,1290.61,280.96,849.73,17.1,75.1
2022-11-30 05:00:00,2579.0,318.6,381.68,1324.84,305.53,864.54,17.46,79.42
2022-12-01 05:00:00,2552.97,315.84,379.72,1344.6,316.95,857.18,17.31,79.45
2022-12-02 05:00:00,2571.59,316.15,386.85,1343.77,320.41,858.41,17.2,80.31
2022-12-05 05:00:00,2526.92,310.57,382.44,1304.62,312.59,843.1,16.73,78.31
2022-12-06 05:00:00,2456.92,307.78,378.04,1315.34,305.56,829.66,16.8,75.16
2022-12-07 05:00:00,2455.26,305.82,385.51,1294.2,308.42,828.79,16.69,75.72
2022-12-08 05:00:00,2488.9,305.99,381.64,1289.36,310.26,836.36,16.65,77.8
2022-12-09 05:00:00,2454.99,306.39,371.41,1298.06,320.01,827.8,16.58,78.17
2022-12-12 05:00:00,2451.95,311.45,377.75,1292.76,315.18,834.35,16.85,79.73
2022-12-13 05:00:00,2393.46,312.33,371.09,1289.52,320.34,818.76,16.84,80.96
2022-12-14 05:00:00,2360.47,309.29,372.31,1292.35,317.83,814.5,16.7,79.32
2022-12-15 05:00:00,2358.5,301.91,368.28,1280.0,290.41,807.2,16.45,72.36
2022-12-16 05:00:00,2380.45,300.0,372.64,1253.44,290.71,811.77,16.04,74.74
2022-12-19 05:00:00,2379.17,300.03,375.54,1260.23,288.3,816.43,16.08,73.26
2022-12-20 05:00:00,2384.15,302.0,375.55,1269.42,288.19,823.63,16.33,76.51
2022-12-21 05:00:00,2430.48,307.82,380.46,1290.3,297.96,833.62,16.63,77.49
2022-12-22 05:00:00,2403.86,302.69,381.79,1289.29,297.75,823.78,16.41,77.96
2022-12-23 05:00:00,2430.65,306.49,383.67,1307.64,294.965,833.55,16.53,77.7
2022-12-27 05:00:00,2454.32,305.55,380.19,1316.07,284.17,843.84,16.54,76.52
2022-12-28 05:00:00,2461.63,303.43,377.51,1304.2,276.88,844.62,16.26,76.61
2022-12-29 05:00:00,2464.38,309.06,375.12,1326.2,291.12,843.66,16.67,79.01
2022-12-30 05:00:00,2466.18,308.9,375.12,1317.49,294.88,844.03,16.6,78.95
2023-01-03 05:00:00,2431.06,309.91,374.33,1321.97,294.95,840.72,16.53,81.9
2023-01-04 05:00:00,2445.46,314.55,374.01,1348.0,309.41,826.74,16.61,81.33
2023-01-05 05:00:00,2416.57,312.9,374.05,1353.83,309.7,834.29,16.14,81.58
2023-01-06 05:00:00,2486.64,318.69,386.05,1383.99,315.55,842.52,16.66,83.54
2023-01-09 05:00:00,2441.75,315.53,381.96,1363.22,315.17,828.71,16.88,85.04
2023-01-10 05:00:00,2435.52,316.35,382.67,1371.67,327.54,826.88,16.89,90.79
2023-01-11 05:00:00,2433.23,320.37,380.8,1389.12,327.26,825.5,17.17,91.75
2023-01-12 05:00:00,2363.0,318.93,380.84,1401.99,330.13,810.85,17.19,91.2
2023-01-13 05:00:00,2368.88,317.64,381.81,1439.96,332.82,815.47,17.28,92.06
2023-01-17 05:00:00,2355.88,314.86,383.47,1403.26,326.22,809.74,16.86,91.75
2023-01-18 05:00:00,2344.93,308.3,378.4,1380.35,326.33,805.08,16.78,92.73
2023-01-19 05:00:00,2327.54,305.23,378.72,1371.73,315.78,793.73,16.05,93.58
2023-01-20 05:00:00,2326.61,309.87,378.04,1380.56,342.5,793.38,16.58,97.91
2023-01-23 05:00:00,2318.96,310.42,375.03,1391.35,357.42,794.4,16.99,99.94
2023-01-24 05:00:00,2341.56,311.3,376.5,1389.55,363.83,799.09,16.85,99.29
2023-01-25 05:00:00,2357.81,311.9,376.05,1403.38,367.96,800.47,17.2,100.03
2023-01-26 05:00:00,2415.27,310.95,384.12,1405.35,364.87,800.63,17.32,101.3
2023-01-27 05:00:00,2369.34,309.17,379.2,1396.55,360.77,771.17,17.6,102.24
2023-01-30 05:00:00,2428.58,307.33,378.69,1395.21,353.11,789.63,16.97,100.0
2023-01-31 05:00:00,2438.85,311.52,378.68,1408.98,353.86,792.35,17.57,112.72
2023-02-01 05:00:00,2495.68,310.57,370.98,1401.15,361.99,807.93,17.79,118.14
2023-02-02 05:00:00,2443.55,311.86,366.48,1303.64,366.89,805.66,14.8,122.57
2023-02-03 05:00:00,2398.51,308.51,362.58,1335.6,365.9,794.84,15.14,121.17
2023-02-06 05:00:00,2425.88,308.43,358.13,1354.57,361.48,809.45,15.37,122.92
2023-02-07 05:00:00,2419.81,312.97,363.61,1400.68,362.95,801.02,15.92,125.38
2023-02-08 05:00:00,2424.36,308.48,366.68,1372.34,366.83,787.36,15.32,123.68
2023-02-09 05:00:00,2490.28,307.21,362.36,1355.0,362.5,817.0,15.17,120.83
2023-02-10 05:00:00,2513.69,309.89,368.07,1358.25,347.36,825.32,15.25,125.16
2023-02-13 05:00:00,2543.51,313.74,366.96,1367.96,358.57,849.49,15.19,122.32
2023-02-14 05:00:00,2546.27,310.79,365.85,1347.86,359.96,861.0,15.24,126.1
2023-02-15 05:00:00,2580.27,309.63,363.64,1347.82,361.42,861.23,15.19,128.27
2023-02-16 05:00:00,2571.35,308.18,363.75,1322.12,350.71,862.0,14.84,125.57
2023-02-17 05:00:00,2605.62,308.24,366.86,1326.57,347.96,873.01,14.57,125.33
2023-02-21 05:00:00,2573.14,302.72,361.51,1337.32,337.5,860.13,14.38,120.35
2023-02-22 05:00:00,2567.36,303.16,360.7,1335.31,334.88,842.51,14.37,120.07
2023-02-23 05:00:00,2571.46,303.07,360.33,1337.6,323.65,841.16,14.46,118.86
2023-02-24 05:00:00,2540.56,304.02,359.14,1335.71,317.15,831.82,14.35,117.14
2023-02-27 05:00:00,2572.25,304.66,355.35,1325.66,323.03,845.96,14.39,116.84
2023-02-28 05:00:00,2486.54,305.18,349.81,1329.86,322.13,830.1,14.38,116.3
2023-03-01 05:00:00,2456.37,304.62,351.75,1327.69,313.48,824.22,14.13,117.2
2023-03-02 05:00:00,2485.63,307.75,347.34,1336.99,311.88,840.89,14.01,118.48
2023-03-03 05:00:00,2497.34,312.45,345.67,1344.35,315.18,838.03,14.25,123.74
2023-03-06 05:00:00,2520.0,316.97,347.89,1334.69,312.03,839.44,14.12,126.38
2023-03-07 05:00:00,2474.83,311.12,337.33,1323.27,308.47,828.72,13.89,126.33
2023-03-08 05:00:00,2459.57,311.37,338.28,1316.31,311.79,830.56,13.91,126.99
2023-03-09 05:00:00,2422.19,304.82,335.97,1285.71,297.78,822.31,13.65,123.93
2023-03-10 05:00:00,2421.39,303.63,336.2,1262.31,292.76,819.92,12.84,121.66
2023-03-13 04:00:00,2429.86,302.88,335.4,1234.15,293.51,818.23,12.25,123.39
2023-03-14 04:00:00,2427.41,305.33,336.5,1259.08,294.94,821.23,12.49,125.54
2023-03-15 04:00:00,2415.68,297.88,335.35,1213.33,303.79,818.26,12.36,125.65
2023-03-16 04:00:00,2413.32,302.01,339.92,1237.89,310.06,819.52,12.62,129.21
2023-03-17 04:00:00,2365.0,293.51,339.35,1191.46,303.5,797.87,11.99,127.09
2023-03-20 04:00:00,2391.17,301.06,345.25,1231.58,305.13,816.06,11.98,126.41
2023-03-21 04:00:00,2394.95,303.85,347.47,1243.8,305.79,819.63,12.48,128.81
2023-03-22 04:00:00,2349.3,299.73,341.82,1224.32,293.9,808.97,12.0,128.2
2023-03-23 04:00:00,2307.82,298.37,335.83,1217.05,320.37,801.38,11.43,131.05
2023-03-24 04:00:00,2329.4,298.92,346.56,1215.92,328.39,810.76,11.27,128.3
2023-03-27 04:00:00,2368.55,302.14,349.4,1232.18,327.66,819.04,11.46,129.48
2023-03-28 04:00:00,2405.22,302.32,354.48,1238.49,323.52,828.85,11.53,128.12
2023-03-29 04:00:00,2395.37,305.3,357.16,1260.0,332.03,832.08,11.91,129.87
2023-03-30 04:00:00,2406.19,305.08,357.78,1262.74,338.43,841.5,12.21,130.83
2023-03-31 04:00:00,2458.15,308.77,356.05,1277.41,345.48,848.98,12.39,133.62
2023-04-03 04:00:00,2511.54,310.31,363.77,1296.46,348.28,867.95,12.46,136.44
2023-04-04 04:00:00,2502.05,309.07,362.99,1294.3,346.75,864.44,12.4,134.88
2023-04-05 04:00:00,2494.44,310.39,373.17,1297.82,342.35,858.35,13.06,131.25
2023-04-06 04:00:00,2530.68,312.51,370.09,1318.71,339.33,861.13,12.91,132.48
2023-04-10 04:00:00,2554.44,312.62,370.77,1304.58,338.99,869.75,13.03,132.25
2023-04-11 04:00:00,2559.54,313.7,366.17,1316.76,338.21,871.04,13.45,131.28
2023-04-12 04:00:00,2598.89,314.55,362.56,1327.8,331.03,877.35,13.44,130.92
2023-04-13 04:00:00,2618.65,318.05,364.32,1342.51,346.19,887.95,13.75,134.96
2023-04-14 04:00:00,2638.32,319.74,362.0,1319.68,338.63,892.27,14.32,134.74
2023-04-17 04:00:00,2665.41,323.79,363.28,1339.79,332.72,897.28,14.45,133.78
2023-04-18 04:00:00,2681.65,324.63,360.26,1355.39,333.7,909.92,14.5,134.57
2023-04-19 04:00:00,2663.16,323.09,355.55,1357.26,323.12,899.14,14.72,133.56
2023-04-20 04:00:00,2701.84,323.82,359.27,1357.23,325.35,905.36,14.59,133.33
2023-04-21 04:00:00,2681.41,324.33,359.86,1329.56,327.98,903.81,14.67,133.76
2023-04-24 04:00:00,2677.12,326.05,361.92,1332.51,329.02,907.0,14.6,131.45
2023-04-25 04:00:00,2678.34,324.34,363.29,1318.45,322.55,897.76,14.41,138.2
2023-04-26 04:00:00,2644.83,320.53,359.24,1311.48,321.15,894.2,14.66,133.12
2023-04-27 04:00:00,2660.73,326.23,363.81,1323.64,325.85,915.67,15.27,132.17
2023-04-28 04:00:00,2663.31,328.55,364.24,1368.53,329.93,917.31,15.02,133.6
2023-05-01 04:00:00,2679.54,330.17,354.01,1374.88,324.12,929.6,14.92,138.43
2023-05-02 04:00:00,2702.89,325.86,361.0,1346.73,317.55,936.52,14.25,136.39
2023-05-03 04:00:00,2677.58,323.22,354.42,1343.2,319.3,931.67,13.89,138.06
2023-05-04 04:00:00,2661.6,320.0,355.04,1336.5,320.78,933.62,13.94,140.48
2023-05-05 04:00:00,2691.58,323.88,365.87,1352.13,322.76,940.78,14.3,141.75
2023-05-08 04:00:00,2709.54,326.14,368.56,1373.95,331.21,946.64,14.75,144.53
2023-05-09 04:00:00,2726.51,324.87,388.72,1368.72,332.14,953.46,15.04,143.7
2023-05-10 04:00:00,2733.65,322.99,394.46,1366.62,335.42,954.77,14.91,147.74
2023-05-11 04:00:00,2715.2,322.64,392.05,1373.87,344.76,958.26,15.04,147.06
2023-05-12 04:00:00,2729.06,322.49,389.97,1369.02,339.89,962.1,15.06,142.53
2023-05-15 04:00:00,2706.53,323.53,391.15,1370.78,335.89,945.28,15.28,144.22
2023-05-16 04:00:00,2673.46,323.75,396.04,1357.31,333.75,937.55,15.17,146.32
2023-05-17 04:00:00,2679.55,327.39,400.96,1348.09,339.96,939.43,15.39,146.0
2023-05-18 04:00:00,2648.95,329.76,397.86,1350.22,371.29,941.8,15.69,151.48
2023-05-19 04:00:00,2653.18,330.39,397.67,1359.37,365.36,954.3,15.3,149.43
2023-05-22 04:00:00,2619.8,329.13,396.43,1359.04,363.01,928.14,15.35,148.6
2023-05-23 04:00:00,2463.41,323.11,393.14,1341.27,355.99,911.99,15.36,147.67
2023-05-24 04:00:00,2423.62,320.2,396.43,1318.55,364.85,928.94,15.32,147.04
2023-05-25 04:00:00,2459.75,319.02,395.39,1313.95,359.0,935.02,15.54,147.65
2023-05-26 04:00:00,2460.79,320.6,387.95,1328.65,378.88,923.0,16.01,150.31
2023-05-30 04:00:00,2454.64,322.19,384.27,1337.19,392.98,928.08,15.69,148.01
2023-05-31 04:00:00,2386.84,321.08,390.84,1314.73,395.23,903.31,15.26,148.9
2023-06-01 04:00:00,2373.58,323.12,389.23,1331.18,403.13,895.28,15.39,153.92
2023-06-02 04:00:00,2381.23,329.48,390.16,1362.18,400.47,895.34,16.25,151.74
2023-06-05 04:00:00,2339.95,328.58,395.31,1341.17,403.54,902.11,16.49,156.34
2023-06-06 04:00:00,2323.05,333.41,388.96,1350.16,399.29,885.93,16.92,153.03
2023-06-07 04:00:00,2306.65,335.42,384.62,1361.04,399.77,883.11,17.33,148.31
2023-06-08 04:00:00,2360.61,335.95,389.22,1343.08,409.37,906.68,17.35,149.47
2023-06-09 04:00:00,2363.19,335.29,393.91,1342.27,420.02,906.99,16.91,150.48
2023-06-12 04:00:00,2415.0,333.6,395.27,1336.54,423.97,911.78,16.71,150.6
2023-06-13 04:00:00,2420.95,336.39,397.0,1345.95,435.73,916.27,16.91,151.54
2023-06-14 04:00:00,2399.42,335.9,391.25,1330.7,440.86,909.64,16.78,151.65
2023-06-15 04:00:00,2497.37,339.82,400.07,1338.48,445.27,927.49,16.77,152.18
2023-06-16 04:00:00,2493.83,338.31,406.2,1343.69,431.96,919.02,16.52,159.99
2023-06-20 04:00:00,2453.07,338.67,410.33,1336.74,434.7,917.49,16.45,156.82
2023-06-21 04:00:00,2446.28,338.61,414.46,1337.07,424.45,937.93,16.47,155.93
2023-06-22 04:00:00,2438.63,336.96,417.21,1331.52,422.48,932.55,16.22,159.09
2023-06-23 04:00:00,2423.73,335.25,415.76,1324.05,424.02,924.76,15.9,157.49
2023-06-26 04:00:00,2476.55,334.12,414.09,1335.13,415.94,931.65,15.99,153.78
2023-06-27 04:00:00,2439.88,335.34,414.73,1342.94,417.08,935.39,16.12,158.62
2023-06-28 04:00:00,2437.63,334.15,415.21,1333.55,429.84,937.03,16.21,160.57
2023-06-29 04:00:00,2455.4,336.91,420.88,1372.46,428.24,937.42,16.47,159.26
2023-06-30 04:00:00,2493.36,341.0,427.31,1383.18,440.49,955.3,16.32,160.55
2023-07-03 04:00:00,2483.48,342.0,420.8,1370.01,441.44,947.08,16.48,160.56
2023-07-05 04:00:00,2492.43,341.56,418.79,1368.55,445.9,947.84,16.0,160.73
2023-07-06 04:00:00,2491.1,341.46,415.91,1365.16,438.84,944.33,15.76,156.62
2023-07-07 04:00:00,2469.51,340.9,414.8,1377.9,438.1,934.47,16.01,156.97
2023-07-10 04:00:00,2513.56,341.13,414.76,1368.47,441.71,961.09,16.21,157.39
2023-07-11 04:00:00,2553.01,343.37,413.72,1390.44,440.21,967.56,16.49,160.58
2023-07-12 04:00:00,2573.38,345.35,408.77,1386.72,444.05,969.23,16.64,165.79
2023-07-13 04:00:00,2538.18,343.54,409.69,1384.6,450.38,956.06,16.63,171.1
2023-07-14 04:00:00,2556.59,341.09,409.5,1379.52,441.91,961.41,16.41,172.03
2023-07-17 04:00:00,2544.23,344.25,411.67,1394.19,450.05,968.96,16.5,179.17
2023-07-18 04:00:00,2528.09,345.34,410.64,1395.5,474.8,962.41,16.78,179.58
2023-07-19 04:00:00,2505.89,342.43,410.99,1402.16,477.59,963.45,16.76,179.84
2023-07-20 04:00:00,2460.0,346.61,418.77,1428.43,437.42,952.23,16.53,172.48
2023-07-21 04:00:00,2457.93,345.76,414.25,1435.34,427.5,956.23,16.5,171.71
2023-07-24 04:00:00,2494.79,349.63,413.18,1424.97,428.37,957.98,16.66,163.72
2023-07-25 04:00:00,2501.22,347.58,411.27,1420.99,427.7,964.31,16.47,140.38
2023-07-26 04:00:00,2492.73,349.8,403.79,1438.92,422.67,965.62,16.26,149.13
2023-07-27 04:00:00,2446.92,349.31,405.51,1445.41,413.17,919.61,15.73,144.52
2023-07-28 04:00:00,2477.77,349.81,402.89,1447.48,425.78,928.79,15.77,148.6
2023-07-31 04:00:00,2481.72,351.96,402.4,1449.71,438.97,925.79,16.18,149.41
2023-08-01 04:00:00,2481.1,352.26,405.02,1435.1,438.62,931.05,16.15,150.84
2023-08-02 04:00:00,2433.89,351.19,413.07,1445.33,429.7,918.46,15.78,146.51
2023-08-03 04:00:00,2476.95,353.81,435.12,1474.64,431.0,930.78,15.75,145.42
2023-08-04 04:00:00,2450.99,349.99,421.77,1467.03,431.6,925.93,15.59,144.12
2023-08-07 04:00:00,2464.01,362.58,422.23,1498.75,440.76,931.76,15.77,141.99
2023-08-08 04:00:00,2461.11,363.73,427.73,1500.75,438.3,929.2,15.5,138.37
2023-08-09 04:00:00,2466.56,358.02,428.34,1502.01,428.9,929.74,15.38,139.09
2023-08-10 04:00:00,2462.89,356.98,433.99,1504.52,429.98,936.64,14.96,136.43
2023-08-11 04:00:00,2483.83,358.35,440.06,1506.2,421.66,943.56,15.12,138.68
2023-08-14 04:00:00,2517.17,358.48,438.0,1504.99,427.78,945.15,14.81,139.38
2023-08-15 04:00:00,2510.42,354.5,430.91,1494.94,423.7,951.36,14.47,133.43
2023-08-16 04:00:00,2489.52,354.11,429.62,1504.53,415.45,951.06,14.32,134.35
2023-08-17 04:00:00,2457.28,353.19,416.95,1492.88,403.0,931.67,14.3,131.57
2023-08-18 04:00:00,2458.39,352.56,420.43,1495.11,404.53,938.0,14.39,131.87
2023-08-21 04:00:00,2449.8,352.09,425.85,1475.8,408.29,945.49,14.31,132.49
2023-08-22 04:00:00,2450.2,350.57,418.39,1464.83,413.17,934.03,14.04,133.44
2023-08-23 04:00:00,2475.01,354.26,421.29,1464.57,427.55,947.17,14.31,138.24
2023-08-24 04:00:00,2447.54,354.3,423.35,1467.27,406.93,935.14,14.35,135.76
2023-08-25 04:00:00,2453.4,355.93,423.3,1465.64,416.03,931.04,14.29,137.22
2023-08-28 04:00:00,2469.13,355.55,423.4,1473.77,418.06,934.43,14.35,141.26
2023-08-29 04:00:00,2527.5,358.29,421.68,1478.58,429.99,946.62,14.48,144.51
2023-08-30 04:00:00,2563.18,361.06,421.6,1482.17,434.67,952.15,14.29,149.45
2023-08-31 04:00:00,2531.33,360.2,412.32,1478.92,433.68,939.7,14.24,153.97
2023-09-01 04:00:00,2542.39,362.46,412.34,1490.06,439.88,947.45,14.64,157.56
2023-09-05 04:00:00,2556.06,360.47,407.13,1457.78,448.68,945.53,14.49,159.32
2023-09-06 04:00:00,2568.89,361.67,411.25,1460.0,445.76,944.79,14.3,160.47
2023-09-07 04:00:00,2572.21,361.8,418.62,1471.32,443.14,945.81,13.97,160.1
2023-09-08 04:00:00,2619.29,363.15,420.78,1473.08,442.8,958.36,14.23,155.47
2023-09-11 04:00:00,2572.96,365.52,423.9,1488.58,445.36,942.5,14.26,157.66
2023-09-12 04:00:00,2527.08,367.78,422.1,1503.5,434.69,924.27,14.16,154.65
2023-09-13 04:00:00,2531.04,367.82,420.48,1505.07,412.24,926.85,13.98,155.49
2023-09-14 04:00:00,2576.1,369.5,419.6,1519.65,400.49,940.68,14.25,157.15
2023-09-15 04:00:00,2529.68,367.86,420.13,1521.42,396.94,930.21,14.26,158.58
2023-09-18 04:00:00,2522.1,370.43,427.29,1535.12,394.4,929.35,14.07,159.24
2023-09-19 04:00:00,2475.12,370.48,432.07,1543.95,396.2,929.18,14.13,160.17
2023-09-20 04:00:00,2583.36,366.82,439.86,1542.14,386.3,945.83,14.13,160.77
2023-09-21 04:00:00,2530.76,363.28,438.24,1519.51,384.15,926.47,13.68,154.06
2023-09-22 04:00:00,2570.27,360.16,438.66,1526.13,379.81,936.02,13.64,156.35
2023-09-25 04:00:00,2580.3,361.71,446.42,1526.22,384.8,933.64,13.75,155.52
2023-09-26 04:00:00,2553.37,359.42,443.03,1505.68,379.25,914.56,13.57,152.36
2023-09-27 04:00:00,2540.9,357.78,444.38,1498.98,377.59,914.17,13.44,153.75
2023-09-28 04:00:00,2559.48,357.06,442.04,1507.17,376.36,917.41,13.52,153.53
2023-09-29 04:00:00,2539.99,350.3,434.85,1472.49,377.6,908.86,13.62,154.64
2023-10-02 04:00:00,2522.93,348.08,437.42,1460.0,380.33,898.62,13.52,158.11
2023-10-03 04:00:00,2472.04,343.04,438.49,1447.15,376.75,889.6,13.27,154.51
2023-10-04 04:00:00,2497.6,343.69,442.03,1460.0,376.9,897.2,13.14,159.58
2023-10-05 04:00:00,2521.68,345.06,445.8,1463.43,372.59,900.8,13.3,157.31
2023-10-06 04:00:00,2549.04,346.34,445.29,1464.88,381.51,902.15,13.2,160.53
2023-10-09 04:00:00,2564.93,345.45,451.78,1463.22,385.95,914.67,13.21,156.45
2023-10-10 04:00:00,2577.58,348.56,454.51,1463.32,373.32,918.13,13.33,157.6
2023-10-11 04:00:00,2571.86,348.43,456.66,1487.33,365.93,916.41,13.33,156.57
2023-10-12 04:00:00,2561.65,345.66,459.22,1485.49,361.2,919.44,13.52,158.12
2023-10-13 04:00:00,2552.7,345.09,462.56,1495.87,355.68,926.46,13.09,153.56
2023-10-16 04:00:00,2602.75,346.23,455.29,1505.62,360.82,945.3,13.22,158.12
2023-10-17 04:00:00,2650.7,345.39,455.25,1500.91,355.72,946.06,13.6,157.33
2023-10-18 04:00:00,2629.4,340.89,455.72,1498.17,346.19,930.5,13.45,148.92
2023-10-19 04:00:00,2494.66,338.66,453.27,1479.33,401.77,898.39,13.29,149.97
2023-10-20 04:00:00,2488.55,335.86,452.81,1451.23,400.96,907.06,13.14,149.92
2023-10-23 04:00:00,2432.82,336.84,450.0,1435.76,406.84,878.67,13.05,154.61
2023-10-24 04:00:00,2416.54,338.63,452.05,1472.57,413.73,872.0,13.0,170.63
2023-10-25 04:00:00,2436.12,336.9,453.0,1461.62,411.25,874.92,12.99,161.82
2023-10-26 04:00:00,2450.73,336.16,451.64,1461.14,403.54,921.64,13.16,158.38
2023-10-27 04:00:00,2446.17,331.71,448.03,1432.25,397.87,924.56,12.81,159.35
2023-10-30 04:00:00,2469.7,337.41,449.43,1457.26,410.08,930.14,13.16,162.67
2023-10-31 04:00:00,2477.13,341.33,455.36,1470.52,411.69,930.44,13.0,164.76
2023-11-01 04:00:00,2490.72,343.75,459.59,1492.68,420.19,945.66,13.45,167.63
2023-11-02 04:00:00,2546.02,349.02,447.6,1301.3,424.71,948.09,14.29,167.31
2023-11-03 04:00:00,2574.54,351.81,452.76,1336.97,432.36,952.84,14.79,169.98
2023-11-06 05:00:00,2605.82,346.63,460.01,1335.04,434.74,956.1,14.83,167.24
2023-11-07 05:00:00,2650.45,346.17,458.04,1337.35,434.61,974.61,14.96,165.5
2023-11-08 05:00:00,2652.85,346.3,460.67,1332.22,436.65,973.7,14.72,169.97
2023-11-09 05:00:00,2678.96,348.18,461.86,1343.09,435.15,978.14,14.7,170.28
2023-11-10 05:00:00,2702.34,350.56,469.29,1339.72,447.24,986.22,14.87,170.98
2023-11-13 05:00:00,2707.12,350.01,470.64,1353.79,444.62,995.92,14.88,171.17
2023-11-14 05:00:00,2684.53,354.25,453.82,1371.47,448.65,982.96,15.01,174.41
2023-11-15 05:00:00,2686.42,356.79,446.38,1378.86,461.94,973.335,15.04,173.76
2023-11-16 05:00:00,2658.23,359.86,450.78,1381.0,466.95,971.99,14.4,175.28
2023-11-17 05:00:00,2627.05,358.93,450.2,1403.48,465.91,968.55,14.46,176.05
2023-11-20 05:00:00,2649.25,361.33,452.97,1409.83,474.47,978.61,14.42,179.86
2023-11-21 05:00:00,2676.09,361.0,454.31,1435.29,474.95,983.59,13.95,178.68
2023-11-22 05:00:00,2671.77,361.8,457.45,1429.5,478.0,991.46,14.36,181.2
2023-11-24 05:00:00,2688.0,362.68,461.37,1442.25,479.56,987.16,14.38,181.7
2023-11-27 05:00:00,2613.15,361.34,461.89,1437.77,479.17,983.13,14.12,183.04
2023-11-28 05:00:00,2602.18,360.05,461.6,1416.95,479.0,977.43,14.43,182.61
2023-11-29 05:00:00,2596.51,358.69,456.7,1415.16,477.19,973.94,14.43,182.31
2023-11-30 05:00:00,2609.93,360.0,470.56,1439.09,473.97,982.38,15.03,185.11
2023-12-01 05:00:00,2641.75,357.07,464.65,1425.0,465.74,980.52,15.73,180.69
2023-12-04 05:00:00,2664.11,356.66,459.3,1410.17,453.9,983.22,15.84,194.17
2023-12-05 05:00:00,2671.13,355.03,460.79,1401.29,455.15,977.97,15.94,199.32
2023-12-06 05:00:00,2710.62,352.38,457.59,1386.99,446.73,985.2,15.89,193.79
2023-12-07 05:00:00,2632.7,352.7,455.66,1366.18,452.0,953.71,16.26,195.82
2023-12-08 05:00:00,2620.49,353.08,457.89,1374.0,453.76,945.88,16.86,198.05
2023-12-11 05:00:00,2633.5,357.06,461.98,1399.43,459.89,965.52,17.02,197.76
2023-12-12 05:00:00,2661.25,360.02,462.14,1393.03,463.0,972.79,16.86,199.0
2023-12-13 05:00:00,2719.78,362.03,460.8,1388.44,479.98,983.41,17.86,199.49
2023-12-14 05:00:00,2636.69,358.12,441.68,1385.24,469.83,951.12,18.38,196.15
2023-12-15 05:00:00,2628.05,356.5,439.47,1394.9,472.06,951.57,18.25,192.17
2023-12-18 05:00:00,2637.36,359.65,447.54,1408.08,486.12,960.13,18.19,193.04
2023-12-19 05:00:00,2649.32,361.8,448.03,1410.25,495.02,964.26,18.67,190.83
2023-12-20 05:00:00,2607.34,355.35,445.96,1385.25,489.27,950.25,18.6,188.71
2023-12-21 05:00:00,2612.67,356.14,452.71,1387.39,491.61,957.55,18.87,192.85
2023-12-22 05:00:00,2608.69,356.47,454.2,1386.82,486.76,952.06,18.86,189.59
2023-12-26 05:00:00,2569.36,356.83,455.76,1395.04,491.19,942.06,19.11,189.88
2023-12-27 05:00:00,2573.32,356.95,457.49,1400.6,491.79,942.55,19.29,190.27
2023-12-28 05:00:00,2567.65,357.57,457.5,1411.91,490.51,941.21,19.28,188.75
2023-12-29 05:00:00,2585.61,356.66,462.98,1419.9,486.88,950.08,19.12,187.91
2024-01-02 05:00:00,2568.5,362.46,473.42,1436.46,468.5,944.98,19.23,188.8
2024-01-03 05:00:00,2567.59,366.75,480.34,1428.39,470.26,943.71,18.53,187.94
2024-01-04 05:00:00,2557.41,363.68,474.55,1435.13,474.67,935.8,18.53,192.58
2024-01-05 05:00:00,2550.93,365.59,478.19,1426.43,474.06,925.4,18.64,193.52
2024-01-08 05:00:00,2553.93,368.18,476.63,1417.75,485.03,927.94,18.54,197.25
2024-01-09 05:00:00,2521.28,366.9,481.06,1413.65,482.09,927.9,18.12,193.02
2024-01-10 05:00:00,2537.16,367.92,483.69,1410.0,478.33,936.55,18.5,196.79
2024-01-11 05:00:00,2546.65,363.34,488.84,1421.97,492.23,944.61,18.63,200.82
2024-01-12 05:00:00,2569.1,363.62,485.32,1429.84,492.16,953.06,18.54,203.03
2024-01-16 05:00:00,2669.56,361.1,488.5,1431.32,481.24,990.25,18.73,203.35
2024-01-17 05:00:00,2669.21,359.29,485.82,1421.51,480.33,992.16,18.69,198.68
2024-01-18 05:00:00,2722.98,362.38,493.0,1431.69,485.31,1015.53,18.54,204.82
2024-01-19 05:00:00,2746.44,366.99,484.6,1447.81,482.95,1028.1,18.99,204.71
2024-01-22 05:00:00,2770.99,368.06,487.32,1461.73,485.71,1035.94,19.33,205.67
2024-01-23 05:00:00,2768.31,372.14,485.37,1457.77,492.19,1025.32,19.19,206.71
2024-01-24 05:00:00,2751.62,376.59,485.0,1468.78,544.87,1018.45,19.2,211.14
2024-01-25 05:00:00,2748.61,380.85,486.33,1471.93,562.0,1024.04,19.86,214.18
2024-01-26 05:00:00,2780.24,385.4,485.27,1475.74,570.42,1022.51,19.86,214.29
2024-01-29 05:00:00,2794.44,383.18,486.46,1492.69,575.79,1030.01,20.17,218.61
2024-01-30 05:00:00,2838.66,387.15,490.02,1500.73,562.85,1041.12,20.56,217.62
2024-01-31 05:00:00,2762.13,383.74,499.89,1497.43,564.11,1023.05,19.88,215.35
2024-02-01 05:00:00,2798.15,386.44,501.85,1395.13,567.51,1041.75,19.49,218.96
2024-02-02 05:00:00,2821.89,390.75,504.45,1412.41,564.64,1047.31,19.31,222.47
2024-02-05 05:00:00,2803.98,390.76,507.94,1418.46,562.06,1055.62,19.27,223.25
2024-02-06 05:00:00,2811.86,393.74,506.87,1407.76,555.88,1051.86,19.22,231.92
2024-02-07 05:00:00,2842.54,397.66,516.98,1445.42,559.3,1067.02,19.09,240.83
2024-02-08 05:00:00,2731.66,397.49,494.23,1408.45,558.53,1020.83,19.5,240.01
2024-02-09 05:00:00,2680.0,398.36,501.35,1428.94,561.32,1025.82,19.6,240.77
2024-02-12 05:00:00,2703.88,397.71,494.48,1443.97,557.85,1026.39,19.86,234.68
2024-02-13 05:00:00,2726.15,394.8,504.77,1440.96,554.52,1039.26,19.6,238.0
2024-02-14 05:00:00,2726.87,398.68,501.2,1468.97,579.33,1049.3,20.16,244.17
2024-02-15 05:00:00,2724.88,403.45,505.68,1469.66,593.46,1047.9,20.26,245.51
2024-02-16 05:00:00,2727.83,405.99,511.06,1461.5,583.95,1051.05,20.18,246.25
2024-02-20 05:00:00,2696.15,407.15,506.74,1453.13,575.13,1035.63,20.26,243.4
2024-02-21 05:00:00,2729.69,409.25,507.42,1462.82,573.35,1039.77,19.77,245.09
2024-02-22 05:00:00,2758.77,415.16,510.3,1474.52,588.47,1054.81,19.69,248.12
2024-02-23 05:00:00,2756.34,417.22,516.24,1471.52,583.56,1058.02,19.67,256.1
2024-02-26 05:00:00,2770.46,409.14,519.2,1443.07,587.65,1062.07,19.55,254.99
2024-02-27 05:00:00,2954.99,408.91,518.98,1461.42,601.67,1081.75,20.02,253.02
2024-02-28 05:00:00,3011.62,412.14,523.68,1487.9,596.48,1092.96,20.52,252.25
2024-02-29 05:00:00,3006.02,409.4,521.41,1492.48,602.92,1087.42,20.83,256.41
2024-03-01 05:00:00,3035.99,407.11,525.88,1493.76,619.34,1085.45,20.7,263.75
2024-03-04 05:00:00,3079.94,403.39,534.18,1483.75,615.83,1077.98,21.02,270.0
2024-03-05 05:00:00,3102.86,400.74,528.83,1475.95,598.5,1079.67,20.85,267.0
2024-03-06 05:00:00,3104.2,403.96,525.05,1506.26,597.69,1081.65,20.65,268.03
2024-03-07 05:00:00,3124.01,402.39,528.48,1500.27,608.51,1089.43,21.04,270.35
2024-03-08 05:00:00,3079.49,403.15,527.41,1496.89,604.82,1084.2,20.68,259.4
2024-03-11 04:00:00,3060.28,404.76,526.66,1500.82,600.93,1086.13,20.81,254.45
2024-03-12 04:00:00,3059.51,404.98,531.24,1498.63,611.08,1094.6,20.99,258.09
2024-03-13 04:00:00,3089.24,408.13,520.21,1501.28,609.45,1101.4,21.09,257.26
2024-03-14 04:00:00,3119.04,406.73,529.36,1506.19,613.01,1116.9,20.85,257.13
2024-03-15 04:00:00,3124.33,408.13,533.64,1523.04,605.88,1113.18,20.54,254.89
2024-03-18 04:00:00,3101.97,408.41,529.71,1509.75,618.39,1113.83,20.51,254.15
2024-03-19 04:00:00,3153.81,411.76,534.34,1513.0,620.74,1134.63,20.64,252.76
2024-03-20 04:00:00,3187.38,416.11,530.75,1514.4,627.69,1145.29,21.11,261.72
2024-03-21 04:00:00,3210.4,413.78,534.18,1522.63,622.71,1162.94,21.62,259.64
2024-03-22 04:00:00,3239.32,411.6,532.57,1518.63,628.01,1167.53,21.36,264.95
2024-03-25 04:00:00,3170.82,409.92,532.55,1511.74,627.46,1137.07,21.35,261.92
2024-03-26 04:00:00,3191.48,411.57,536.09,1489.96,629.24,1134.78,21.14,262.81
2024-03-27 04:00:00,3192.79,416.93,539.26,1527.35,613.53,1135.52,21.6,260.2
2024-03-28 04:00:00,3151.65,420.52,536.85,1521.48,607.33,1128.88,21.79,263.9
2024-04-01 04:00:00,3168.6,420.2,536.49,1508.78,614.31,1130.28,21.33,266.43
2024-04-02 04:00:00,3170.04,418.92,533.27,1502.46,614.21,1140.21,21.16,269.58
2024-04-03 04:00:00,3146.63,420.24,540.09,1494.26,630.08,1132.95,21.36,291.77
2024-04-04 04:00:00,3085.04,415.32,534.79,1490.04,617.14,1099.63,21.06,295.96
2024-04-05 04:00:00,3104.94,418.62,538.75,1509.43,636.18,1117.56,21.22,310.31
2024-04-08 04:00:00,3076.09,415.97,532.23,1508.32,628.41,1107.24,21.49,309.07
2024-04-09 04:00:00,3043.62,414.69,527.28,1490.25,618.2,1095.74,21.27,300.73
2024-04-10 04:00:00,3025.75,409.11,529.99,1490.09,618.58,1093.1,20.91,299.99
2024-04-11 04:00:00,3006.76,407.61,523.37,1443.85,628.78,1083.0,21.0,303.57
2024-04-12 04:00:00,2962.32,403.26,523.01,1432.54,622.83,1076.49,20.67,300.45
2024-04-15 04:00:00,2903.51,400.26,522.68,1427.07,607.15,1069.27,20.72,290.52
2024-04-16 04:00:00,2910.27,396.92,528.35,1423.66,617.52,1089.51,20.66,298.08
2024-04-17 04:00:00,2938.26,397.74,525.92,1428.51,613.69,1094.8,20.58,293.58
2024-04-18 04:00:00,2973.17,399.89,518.81,1436.13,610.56,1101.06,20.78,289.2
2024-04-19 04:00:00,2985.54,405.08,524.83,1456.69,555.04,1090.94,21.09,275.83
2024-04-22 04:00:00,2961.66,408.78,527.32,1471.41,554.6,1091.46,21.32,272.24
2024-04-23 04:00:00,2961.04,408.74,532.0,1479.65,577.75,1092.35,21.93,303.31
2024-04-24 04:00:00,2988.51,405.95,535.42,1462.36,555.12,1092.7,22.1,281.23
2024-04-25 04:00:00,2945.25,404.91,539.94,1450.95,564.8,1054.13,21.93,289.02
2024-04-26 04:00:00,2945.98,402.1,543.3,1436.52,561.23,1043.93,21.9,289.59
2024-04-29 04:00:00,2998.78,400.96,536.09,1449.34,559.49,1037.04,21.63,286.24
2024-04-30 04:00:00,2956.4,396.73,537.21,1458.4,550.64,1013.26,21.19,280.44
2024-05-01 04:00:00,2946.81,398.58,531.1,1476.34,551.71,1005.11,21.25,284.54
2024-05-02 04:00:00,2962.09,400.6,530.27,1576.55,565.15,1006.23,21.48,294.17
2024-05-03 04:00:00,2952.2,400.87,528.86,1581.06,579.34,1012.95,22.01,296.07
2024-05-06 04:00:00,2967.7,404.92,533.41,1592.43,596.97,1016.09,21.68,299.48
2024-05-07 04:00:00,2990.65,406.14,545.75,1615.15,606.0,1020.71,21.63,298.05
2024-05-08 04:00:00,2962.52,406.37,543.61,1615.83,609.47,1020.34,21.76,298.65
2024-05-09 04:00:00,2987.05,408.82,555.12,1636.56,612.09,1030.72,21.94,298.66
2024-05-10 04:00:00,2979.32,412.05,559.91,1652.22,610.87,1019.33,21.78,294.6
2024-05-13 04:00:00,2937.92,411.22,554.61,1634.47,616.59,1012.75,21.49,289.71
2024-05-14 04:00:00,2921.43,410.24,551.58,1645.2,613.66,1006.77,21.33,290.12
2024-05-15 04:00:00,2930.17,412.76,551.56,1637.38,613.52,1010.38,21.01,303.04
2024-05-16 04:00:00,2900.99,413.12,555.76,1652.58,610.52,1005.98,21.07,298.12
2024-05-17 04:00:00,2917.5,416.94,564.52,1663.21,621.1,1012.06,21.16,302.82
2024-05-20 04:00:00,2924.04,413.0,564.0,1639.48,640.82,995.33,20.67,308.21
2024-05-21 04:00:00,2820.83,414.37,552.39,1637.21,650.61,995.59,21.02,304.93
2024-05-22 04:00:00,2772.64,413.99,557.38,1648.06,640.47,991.44,20.6,298.76
2024-05-23 04:00:00,2777.54,405.88,558.03,1616.13,635.67,975.87,20.65,300.51
2024-05-24 04:00:00,2792.9,407.41,560.73,1618.29,646.75,986.96,20.98,308.16
2024-05-28 04:00:00,2800.0,403.9,549.26,1603.65,649.0,957.51,20.51,310.29
2024-05-29 04:00:00,2739.1,404.09,558.89,1598.24,654.62,957.9,20.54,307.52
2024-05-30 04:00:00,2772.56,408.61,560.96,1620.83,647.66,963.64,20.92,304.69
2024-05-31 04:00:00,2769.94,414.4,569.59,1641.59,641.62,963.26,21.46,296.78
2024-06-03 04:00:00,2772.62,414.79,573.16,1631.07,633.79,956.61,21.21,313.62
2024-06-04 04:00:00,2790.98,409.53,573.73,1604.94,631.62,970.3,21.09,326.68
2024-06-05 04:00:00,2776.28,409.85,579.6,1602.31,650.27,976.86,20.94,324.75
2024-06-06 04:00:00,2764.69,411.08,586.11,1599.84,648.52,982.42,20.77,319.51
2024-06-07 04:00:00,2800.7,413.72,586.9,1601.43,641.47,978.7,20.57,308.21
2024-06-10 04:00:00,2780.95,410.81,591.28,1579.7,644.5,975.14,20.79,309.0
2024-06-11 04:00:00,2811.03,408.5,591.29,1555.06,648.55,1000.03,20.11,310.0
2024-06-12 04:00:00,2817.93,408.77,584.79,1557.04,650.06,1004.24,20.74,315.49
2024-06-13 04:00:00,2813.4,405.92,591.07,1550.27,653.26,995.78,20.64,306.01
2024-06-14 04:00:00,2835.82,405.54,589.95,1544.07,669.38,1007.31,20.03,313.02
2024-06-17 04:00:00,2938.83,407.32,597.45,1554.05,675.83,1043.25,20.44,311.22
2024-06-18 04:00:00,2968.75,407.95,602.93,1558.6,685.67,1056.65,20.51,309.9
2024-06-20 04:00:00,3008.23,409.15,603.24,1570.46,679.03,1080.57,20.67,313.89
2024-06-21 04:00:00,2990.35,409.62,603.08,1572.95,686.12,1081.79,20.82,317.74
2024-06-24 04:00:00,2985.44,413.98,607.81,1591.99,669.02,1083.52,20.99,314.99
2024-06-25 04:00:00,2936.41,410.97,604.42,1579.04,672.41,1057.79,20.66,321.28
2024-06-26 04:00:00,2929.7,410.26,599.56,1569.59,677.69,1050.85,20.54,318.96
2024-06-27 04:00:00,2955.4,407.95,593.2,1579.11,684.34,1057.42,20.51,315.38
2024-06-28 04:00:00,2964.1,406.8,584.04,1575.66,674.88,1056.06,20.79,313.79
2024-07-01 04:00:00,2832.79,405.19,586.34,1575.34,673.61,1016.32,20.71,313.84
2024-07-02 04:00:00,2870.0,407.1,584.83,1578.79,679.58,1037.06,20.89,315.55
2024-07-03 04:00:00,2844.88,405.77,583.35,1547.27,682.51,1020.54,20.88,314.8
2024-07-05 04:00:00,2815.0,411.17,587.76,1535.69,690.65,1026.82,20.34,316.85
2024-07-08 04:00:00,2836.4,409.08,589.53,1550.81,685.74,1022.79,20.65,313.71
2024-07-09 04:00:00,2817.06,410.52,586.81,1552.84,685.74,1015.62,20.7,311.55
2024-07-10 04:00:00,2856.35,413.79,586.82,1561.48,677.65,1028.19,20.76,304.99
2024-07-11 04:00:00,2881.9,418.78,575.23,1574.36,652.75,1032.99,21.71,300.98
2024-07-12 04:00:00,2920.83,424.44,576.66,1598.29,647.6,1040.11,21.91,302.27
2024-07-15 04:00:00,2941.46,434.42,578.26,1598.16,656.45,1042.41,22.91,302.15
2024-07-16 04:00:00,2985.33,438.9,583.95,1610.42,656.32,1043.52,23.7,298.5
2024-07-17 04:00:00,2984.11,445.61,582.06,1620.22,647.46,1043.63,23.5,294.74
2024-07-18 04:00:00,2926.35,441.82,578.43,1613.03,643.04,1028.09,23.35,290.16
2024-07-19 04:00:00,2950.4,434.47,580.13,1573.4,633.34,1042.86,22.93,295.09
2024-07-22 04:00:00,2957.73,435.98,583.0,1562.66,647.5,1057.1,23.32,295.45
2024-07-23 04:00:00,2921.53,434.01,585.74,1563.43,642.76,1049.01,23.5,330.79
2024-07-24 04:00:00,2941.73,432.8,589.99,1565.2,635.99,1050.71,23.64,336.52
2024-07-25 04:00:00,3030.97,433.29,595.73,1570.61,634.09,1092.91,23.0,328.95
2024-07-26 04:00:00,3090.31,437.66,600.16,1614.29,631.37,1110.31,22.73,321.88
2024-07-29 04:00:00,3072.66,438.31,606.71,1625.07,626.96,1118.19,22.56,323.74
2024-07-30 04:00:00,3108.4,441.26,609.72,1645.69,622.58,1140.9,22.8,330.35
2024-07-31 04:00:00,3133.69,438.5,617.02,1638.85,628.35,1126.34,22.69,343.94
2024-08-01 04:00:00,3148.36,431.81,629.09,1566.38,624.85,1133.4,22.11,336.5
2024-08-02 04:00:00,3177.67,428.36,630.38,1560.42,613.64,1137.02,20.84,330.85
2024-08-05 04:00:00,3112.43,413.72,612.95,1511.76,598.55,1105.52,20.13,324.03
2024-08-06 04:00:00,3119.59,422.14,614.32,1504.03,609.57,1111.3,19.93,327.3
2024-08-07 04:00:00,3084.34,427.02,617.51,1494.55,611.48,1109.05,19.94,323.34
2024-08-08 04:00:00,3157.02,431.54,547.51,1513.43,630.35,1120.9,20.45,338.32
2024-08-09 04:00:00,3120.25,431.67,541.15,1521.92,633.94,1124.41,20.62,339.9
2024-08-12 04:00:00,3148.6,430.39,551.0,1507.93,633.14,1121.07,20.34,340.36
2024-08-13 04:00:00,3155.91,432.41,551.75,1520.87,648.02,1114.72,20.7,334.74
2024-08-14 04:00:00,3196.42,438.47,552.83,1536.66,661.68,1129.22,20.67,334.35
2024-08-15 04:00:00,3168.94,440.84,545.41,1544.49,663.22,1115.89,21.01,335.59
2024-08-16 04:00:00,3212.87,444.51,547.71,1548.57,674.07,1119.52,21.06,337.38
2024-08-19 04:00:00,3172.18,448.77,548.4,1557.47,688.53,1121.5,21.19,344.69
2024-08-20 04:00:00,3186.81,448.36,548.52,1546.94,698.54,1126.57,20.98,346.28
2024-08-21 04:00:00,3202.22,446.6,558.24,1566.53,697.12,1138.16,21.0,343.69
2024-08-22 04:00:00,3170.89,449.03,560.9,1564.01,688.96,1127.67,21.05,342.2
2024-08-23 04:00:00,3125.67,453.38,552.15,1574.89,686.73,1116.57,21.65,342.49
2024-08-26 04:00:00,3157.1,454.49,547.47,1574.52,688.44,1120.28,21.51,336.07
2024-08-27 04:00:00,3181.85,460.63,550.72,1573.25,695.72,1127.73,21.15,339.47
2024-08-28 04:00:00,3196.7,464.59,556.7,1575.93,683.84,1138.7,21.56,337.56
2024-08-29 04:00:00,3204.73,468.37,556.15,1591.24,692.48,1138.47,21.66,340.73
2024-08-30 04:00:00,3181.48,475.92,561.08,1600.68,701.35,1129.97,22.06,342.88
2024-09-03 04:00:00,3139.67,476.83,573.95,1575.19,675.32,1136.81,21.7,328.6
2024-09-04 04:00:00,3166.71,478.57,571.28,1570.45,679.68,1137.73,21.25,329.25
2024-09-05 04:00:00,3141.17,464.92,514.75,1555.52,683.62,1137.59,20.93,328.63
2024-09-06 04:00:00,3092.56,459.42,504.17,1533.79,665.77,1119.18,20.14,322.77
2024-09-09 04:00:00,3120.5,459.61,509.42,1554.56,675.42,1124.02,20.15,324.07
2024-09-10 04:00:00,3132.27,458.92,505.73,1525.34,673.62,1129.43,20.23,327.0
2024-09-11 04:00:00,3119.31,453.1,510.45,1531.44,681.47,1112.63,20.05,336.66
2024-09-12 04:00:00,3104.76,450.87,511.17,1541.0,686.8,1119.93,20.91,337.51
2024-09-13 04:00:00,3123.36,447.61,518.81,1557.58,697.06,1125.48,21.23,337.9
2024-09-16 04:00:00,3101.04,451.78,519.82,1574.83,696.5,1130.72,21.23,338.83
2024-09-17 04:00:00,3078.31,456.68,513.91,1578.48,706.91,1127.92,21.58,342.15
2024-09-18 04:00:00,3074.71,456.6,511.62,1569.39,690.47,1133.19,21.74,343.97
2024-09-19 04:00:00,3040.09,459.71,508.16,1584.66,704.32,1115.65,22.08,360.22
2024-09-20 04:00:00,3020.66,455.31,508.0,1570.59,701.03,1109.05,22.07,365.17
2024-09-23 04:00:00,3048.82,454.98,505.0,1572.27,705.37,1119.84,22.07,369.01
2024-09-24 04:00:00,3043.97,454.56,480.49,1572.16,722.26,1129.22,21.53,380.36
2024-09-25 04:00:00,3108.97,452.36,479.14,1557.89,721.56,1142.81,21.85,383.96
2024-09-26 04:00:00,3189.09,454.18,479.06,1574.72,711.43,1159.62,22.25,379.16
2024-09-27 04:00:00,3196.61,457.47,488.25,1569.08,707.35,1146.03,22.56,369.2
2024-09-30 04:00:00,3150.04,460.26,494.42,1568.58,709.27,1151.6,22.87,368.53
2024-10-01 04:00:00,3172.98,457.41,498.48,1572.72,706.13,1161.99,21.97,375.4
2024-10-02 04:00:00,3083.43,456.67,488.78,1562.37,711.09,1154.92,21.99,374.75
2024-10-03 04:00:00,3066.92,452.96,482.27,1565.57,706.8,1149.31,22.01,372.6
2024-10-04 04:00:00,3033.58,461.97,485.42,1603.69,719.7,1154.9,22.76,371.45
2024-10-07 04:00:00,3053.45,453.5,483.67,1549.87,701.92,1151.42,22.93,362.95
2024-10-08 04:00:00,3102.09,453.8,495.09,1559.2,721.76,1167.53,22.84,370.38
2024-10-09 04:00:00,3146.07,455.9,502.12,1564.33,727.43,1177.16,22.75,373.98
2024-10-10 04:00:00,3106.55,454.93,506.25,1547.62,730.29,1171.36,22.69,378.0
2024-10-11 04:00:00,3129.78,460.21,505.59,1557.18,722.79,1187.53,23.27,373.7
2024-10-14 04:00:00,3153.04,459.98,509.28,1568.18,713.0,1202.59,23.09,372.5
2024-10-15 04:00:00,3100.0,462.68,513.67,1566.12,705.98,1190.0,23.18,372.6
2024-10-16 04:00:00,3128.64,465.69,510.93,1574.99,702.0,1198.9,23.51,371.69
2024-10-17 04:00:00,3158.0,465.85,508.72,1594.08,687.65,1204.22,23.64,366.75
2024-10-18 04:00:00,3182.07,464.8,509.2,1590.65,763.89,1210.96,23.21,378.88
2024-10-21 04:00:00,3218.48,464.16,508.32,1599.18,772.07,1219.01,22.95,381.97
2024-10-22 04:00:00,3172.05,461.45,505.38,1585.93,764.24,1205.38,23.03,387.63
2024-10-23 04:00:00,3196.55,460.61,501.76,1567.56,749.29,1199.25,22.8,379.84
2024-10-24 04:00:00,3153.25,457.77,504.96,1578.13,754.55,1199.77,22.21,376.87
2024-10-25 04:00:00,3130.96,454.01,507.41,1549.8,754.68,1195.22,21.9,379.16
2024-10-28 04:00:00,3105.93,458.49,508.95,1564.0,749.12,1197.11,22.35,384.36
2024-10-29 04:00:00,3060.89,454.62,499.18,1564.45,759.44,1175.9,22.16,391.23
2024-10-30 04:00:00,3017.98,454.96,499.34,1566.18,753.74,1162.21,22.56,394.02
2024-10-31 04:00:00,3009.0,450.92,500.59,1542.01,756.03,1153.14,22.03,385.1
2024-11-01 04:00:00,2981.19,452.14,526.34,1545.0,756.1,1146.59,21.7,384.5
2024-11-04 05:00:00,3046.35,442.29,525.94,1550.53,755.51,1157.56,21.37,377.73
2024-11-05 05:00:00,3059.83,445.06,525.28,1558.85,763.91,1162.33,21.88,382.63
2024-11-06 05:00:00,3196.38,468.9,549.31,1643.65,780.21,1234.15,24.48,391.16
2024-11-07 05:00:00,3150.18,460.13,607.51,1636.14,796.54,1214.51,23.71,399.84
2024-11-08 05:00:00,3110.12,463.41,613.0,1650.74,795.04,1217.7,23.21,400.68
2024-11-11 05:00:00,3173.4,467.36,615.59,1651.69,805.44,1228.52,23.9,410.19
2024-11-12 05:00:00,3175.72,466.29,617.66,1654.51,819.5,1236.85,24.08,419.39
2024-11-13 05:00:00,3161.87,468.1,624.6,1655.36,830.47,1238.78,24.05,467.37
2024-11-14 05:00:00,3136.06,467.7,610.16,1710.03,837.26,1224.4,24.02,477.5
2024-11-15 05:00:00,3107.53,470.28,606.29,1707.64,823.96,1213.37,24.47,458.32
2024-11-18 05:00:00,3166.93,472.2,615.6,1706.27,847.05,1216.67,24.2,454.36
2024-11-19 05:00:00,3106.91,468.86,615.65,1670.33,871.32,1200.59,23.87,463.83
2024-11-20 05:00:00,3049.58,468.83,621.14,1694.12,883.85,1188.87,23.97,470.01
2024-11-21 05:00:00,3068.69,472.06,628.27,1718.45,897.48,1204.74,24.86,470.7
2024-11-22 05:00:00,3099.38,476.57,623.19,1750.0,897.79,1227.37,27.13,475.04
2024-11-25 05:00:00,3109.56,477.43,616.73,1761.62,865.59,1238.76,27.88,481.38
2024-11-26 05:00:00,3144.21,478.56,625.0,1775.73,872.6,1244.22,27.42,476.61
2024-11-27 05:00:00,3190.1,483.08,626.38,1785.11,877.34,1244.01,27.2,475.24
2024-11-29 05:00:00,3169.54,483.02,628.5,1782.92,886.81,1243.22,27.38,476.96
2024-12-02 05:00:00,3179.52,477.33,621.29,1764.48,897.74,1246.82,26.56,480.27
2024-12-03 05:00:00,3189.5,470.19,617.95,1744.94,902.17,1247.99,26.5,493.32
2024-12-04 05:00:00,3189.98,468.32,611.99,1747.52,911.06,1242.92,26.84,502.38
2024-12-05 05:00:00,3190.07,470.57,607.52,1759.04,917.87,1234.81,26.27,493.51
2024-12-06 05:00:00,3309.44,470.5,603.53,1756.77,934.74,1257.78,26.57,498.63
2024-12-09 05:00:00,3324.01,463.87,591.9,1756.39,913.69,1254.9,26.09,482.52
2024-12-10 05:00:00,3347.16,462.49,583.96,1754.62,913.35,1266.35,26.23,471.58
2024-12-11 05:00:00,3342.72,461.39,576.69,1757.22,936.56,1269.01,26.48,476.91
2024-12-12 05:00:00,3340.48,458.63,579.29,1742.79,925.55,1269.72,27.23,480.11
2024-12-13 05:00:00,3370.27,457.9,576.24,1735.79,918.87,1270.6,27.18,483.31
2024-12-16 05:00:00,3350.13,455.2,570.07,1724.5,921.08,1268.86,27.75,484.9
2024-12-17 05:00:00,3319.11,455.66,562.78,1710.14,919.13,1246.08,27.68,474.37
2024-12-18 05:00:00,3238.52,446.59,570.98,1677.46,889.55,1225.14,26.87,448.65
2024-12-19 05:00:00,3215.29,449.34,579.22,1700.27,902.04,1214.39,27.47,454.16
2024-12-20 05:00:00,3253.47,453.2,579.74,1727.2,909.05,1219.11,27.79,460.88
2024-12-23 05:00:00,3242.23,454.35,576.76,1736.92,911.45,1207.26,27.47,456.29
2024-12-24 05:00:00,3283.48,458.66,579.13,1755.13,932.12,1221.65,27.96,461.64
2024-12-26 05:00:00,3241.25,459.08,578.43,1752.13,924.14,1206.78,28.14,457.98
2024-12-27 05:00:00,3241.62,456.51,576.64,1740.35,907.55,1197.35,27.87,456.48
2024-12-30 05:00:00,3185.71,452.16,570.75,1725.21,900.43,1179.92,27.55,451.79
2024-12-31 05:00:00,3202.0,453.28,569.91,1726.23,891.32,1185.8,27.58,447.38
2025-01-02 05:00:00,3250.0,451.1,566.21,1717.36,886.73,1187.71,27.35,457.79
2025-01-03 05:00:00,3268.78,453.56,577.44,1713.08,881.05,1204.22,28.17,466.69
2025-01-06 05:00:00,3293.46,451.41,580.43,1702.42,881.79,1210.47,28.2,468.93
2025-01-07 05:00:00,3259.91,452.92,585.24,1706.12,879.19,1199.72,27.92,463.93
2025-01-08 05:00:00,3303.35,451.84,590.26,1707.73,875.0,1205.74,27.49,479.73
2025-01-10 05:00:00,3251.32,442.66,581.74,1660.14,837.69,1197.6,26.95,459.53
2025-01-13 05:00:00,3239.62,443.91,585.08,1669.97,840.29,1210.14,27.25,458.54
2025-01-14 05:00:00,3227.8,450.03,593.73,1721.0,828.4,1204.33,27.63,463.59
2025-01-15 05:00:00,3206.05,458.51,583.45,1746.3,848.26,1204.04,28.2,490.69
2025-01-16 05:00:00,3193.96,462.81,595.19,1769.04,842.37,1204.72,28.13,490.34
2025-01-17 05:00:00,3228.4,467.95,592.57,1774.07,858.1,1216.79,27.98,485.53
2025-01-21 05:00:00,3297.72,468.57,586.08,1788.5,869.68,1241.08,28.57,487.51
2025-01-22 05:00:00,3326.01,460.51,584.38,1810.82,953.99,1241.33,29.08,493.56
2025-01-23 05:00:00,3373.57,459.83,597.17,1810.66,984.86,1261.62,29.3,501.5
2025-01-24 05:00:00,3332.53,463.19,591.58,1811.06,977.59,1254.0,29.01,510.43
2025-01-27 05:00:00,3372.82,474.7,604.43,1832.21,971.89,1282.53,28.64,513.98
2025-01-28 05:00:00,3318.58,469.97,602.95,1825.98,971.83,1278.34,28.58,530.8
2025-01-29 05:00:00,3314.05,469.26,603.18,1803.03,978.15,1288.08,28.7,538.83
2025-01-30 05:00:00,3351.01,472.35,604.6,1831.15,973.24,1310.16,28.72,550.13
2025-01-31 05:00:00,3350.21,468.67,594.75,1828.78,976.76,1294.42,27.91,548.55
2025-02-03 05:00:00,3432.2,464.61,599.82,1820.13,978.94,1316.06,28.01,549.08
2025-02-04 05:00:00,3459.0,467.49,603.32,1838.22,994.87,1334.19,29.01,621.77
2025-02-05 05:00:00,3474.08,473.73,606.9,1860.14,1011.11,1348.24,29.95,626.0
2025-02-06 05:00:00,3466.69,477.22,599.75,2059.83,1015.68,1330.74,30.05,625.87
2025-02-07 05:00:00,3420.19,472.74,595.69,2026.37,1013.93,1316.75,29.95,622.99
2025-02-10 05:00:00,3427.55,470.17,603.4,1990.63,1027.6,1310.02,29.09,637.69
2025-02-11 05:00:00,3445.79,472.61,610.41,1945.59,1008.08,1323.94,29.11,623.15
2025-02-12 05:00:00,3432.96,471.73,595.0,1899.42,1027.31,1324.3,29.5,640.59
2025-02-13 05:00:00,3469.71,480.49,602.47,1896.94,1043.69,1335.68,30.02,648.32
2025-02-14 05:00:00,3458.55,479.59,593.69,1868.01,1058.6,1318.8,31.43,638.18
2025-02-18 05:00:00,3384.43,482.82,599.42,1873.79,1035.85,1295.82,32.54,630.56
2025-02-19 05:00:00,3396.46,483.77,602.74,1856.96,1043.33,1295.8,32.53,642.73
2025-02-20 05:00:00,3406.66,481.8,603.51,1853.8,1024.54,1312.44,32.03,636.77
2025-02-21 05:00:00,3368.98,478.74,597.71,1838.16,1003.15,1303.41,30.68,607.38
2025-02-24 05:00:00,3401.0,498.42,605.76,1849.57,988.47,1314.91,30.59,601.61
2025-02-25 05:00:00,3425.6,499.82,627.08,1887.76,977.24,1346.58,30.02,588.57
2025-02-26 05:00:00,3392.97,494.1,623.62,1887.14,990.06,1330.42,30.1,603.13
2025-02-27 05:00:00,3444.69,502.41,620.85,1898.28,963.07,1353.46,30.12,590.76
2025-02-28 05:00:00,3493.01,513.83,640.26,1933.44,980.56,1373.64,30.19,608.01
2025-03-03 05:00:00,3477.76,510.08,644.53,1918.56,973.7,1375.99,29.26,599.86
2025-03-04 05:00:00,3473.66,495.86,643.69,1864.39,972.58,1356.77,29.12,584.14
2025-03-05 05:00:00,3555.88,498.5,639.62,1906.47,990.92,1339.67,29.27,586.83
2025-03-06 05:00:00,3615.79,497.84,641.69,1900.95,906.36,1331.06,29.0,543.41
2025-03-07 05:00:00,3614.97,495.62,644.22,1892.76,891.11,1319.01,29.46,532.1
2025-03-10 04:00:00,3690.12,497.1,658.84,1835.8,866.68,1346.58,28.8,489.24
2025-03-11 04:00:00,3562.76,496.25,653.19,1827.11,895.1,1324.06,28.45,508.44
2025-03-12 04:00:00,3547.13,495.94,640.66,1816.13,919.68,1309.29,28.79,535.84
2025-03-13 04:00:00,3545.65,504.25,643.69,1819.38,890.17,1289.49,28.36,537.91
2025-03-14 04:00:00,3554.91,514.6,650.43,1847.91,918.0,1327.41,29.26,574.79
2025-03-17 04:00:00,3620.82,523.01,655.25,1861.38,950.02,1347.99,29.26,597.46
2025-03-18 04:00:00,3614.27,523.14,661.61,1844.77,929.98,1338.75,29.13,569.48
2025-03-19 04:00:00,3591.61,525.27,663.79,1851.81,959.49,1340.09,30.11,586.23
2025-03-20 04:00:00,3573.38,528.73,666.36,1847.47,950.84,1343.15,29.87,594.55
2025-03-21 04:00:00,3606.34,521.91,661.17,1836.58,960.29,1339.09,29.7,599.94
2025-03-24 04:00:00,3657.82,525.85,660.86,1869.81,971.99,1362.74,30.42,604.71
2025-03-25 04:00:00,3672.23,528.87,663.6,1864.54,997.28,1375.48,30.04,615.88
2025-03-26 04:00:00,3681.68,533.21,663.02,1869.1,970.65,1380.98,29.93,576.35
2025-03-27 04:00:00,3828.11,534.52,665.67,1871.56,976.72,1423.62,29.73,580.22
2025-03-28 04:00:00,3771.0,526.31,668.06,1855.44,933.85,1408.55,28.9,561.16
2025-03-31 04:00:00,3812.78,532.58,672.99,1869.61,932.53,1432.58,29.37,550.03
2025-04-01 04:00:00,3813.27,532.99,673.69,1859.85,928.38,1431.8,29.62,551.73
2025-04-02 04:00:00,3809.26,537.72,693.53,1878.94,935.52,1417.01,30.14,565.41
2025-04-03 04:00:00,3826.15,530.16,716.93,1827.46,917.05,1441.89,27.37,558.42
2025-04-04 04:00:00,3653.24,493.54,683.11,1723.03,855.86,1389.87,25.54,503.3
2025-04-07 04:00:00,3478.38,490.38,661.97,1678.5,867.83,1333.84,24.93,518.97
2025-04-08 04:00:00,3499.08,492.64,652.83,1680.26,870.4,1315.2,24.84,518.35
2025-04-09 04:00:00,3575.12,521.41,671.76,1790.61,945.47,1348.45,27.25,569.06
2025-04-10 04:00:00,3615.24,515.81,679.33,1763.13,921.17,1373.36,25.78,553.02
2025-04-11 04:00:00,3659.6,524.11,689.36,1771.42,918.29,1389.79,25.46,543.66
2025-04-14 04:00:00,3680.78,529.52,693.98,1788.25,931.28,1414.2,26.1,549.17
2025-04-15 04:00:00,3631.17,528.17,692.86,1781.05,976.28,1397.93,26.65,572.39
2025-04-16 04:00:00,3566.86,516.45,694.7,1763.25,961.63,1364.36,26.28,563.07
2025-04-17 04:00:00,3603.47,518.21,697.08,1768.53,973.03,1390.9,26.78,574.25
2025-04-21 04:00:00,3569.24,506.92,682.49,1718.6,987.91,1368.5,26.04,558.82
2025-04-22 04:00:00,3678.66,520.79,695.17,1785.2,1040.34,1393.54,26.71,590.39
2025-04-23 04:00:00,3652.11,526.81,692.27,1796.68,1049.59,1380.5,27.15,592.7
2025-04-24 04:00:00,3609.65,531.64,688.43,1808.41,1096.87,1352.17,28.14,605.95
2025-04-25 04:00:00,3609.33,530.96,695.0,1803.15,1101.53,1347.0,27.75,620.72
2025-04-28 04:00:00,3617.91,530.94,699.73,1813.28,1110.38,1370.16,28.21,597.73
2025-04-29 04:00:00,3704.95,534.57,707.28,1819.93,1125.64,1399.23,28.82,576.94
2025-04-30 04:00:00,3762.6,533.25,712.79,1818.6,1131.72,1415.2,28.91,613.98
2025-05-01 04:00:00,3732.92,530.23,706.77,1824.53,1133.47,1407.68,29.99,602.26
2025-05-02 04:00:00,3756.33,539.8,708.41,1876.98,1156.49,1406.36,31.19,644.0
2025-05-05 04:00:00,3775.55,512.15,707.0,1867.33,1134.06,1387.14,31.47,637.65
2025-05-06 04:00:00,3747.02,512.33,711.07,1874.43,1137.69,1386.64,31.13,632.85
