Date,ICE,MCK,ORLY,AJG,AZO,CTVA
2022-05-02 04:00:00,113.48,306.8,610.65,165.85,2006.69,57.34
2022-05-03 04:00:00,114.48,307.81,603.49,165.51,1976.29,57.26
2022-05-04 04:00:00,109.86,319.76,628.08,170.37,2054.58,59.14
2022-05-05 04:00:00,101.63,315.23,603.55,164.99,1973.09,58.04
2022-05-06 04:00:00,99.81,333.99,608.4,164.48,2000.0,55.74
2022-05-09 04:00:00,96.99,326.47,610.07,160.19,1951.66,53.08
2022-05-10 04:00:00,96.47,329.83,611.81,158.25,1950.89,52.82
2022-05-11 04:00:00,94.55,332.09,607.53,157.78,1930.98,53.6
2022-05-12 04:00:00,95.5,322.01,622.34,157.48,1954.76,54.05
2022-05-13 04:00:00,98.27,324.24,635.62,162.02,2001.11,55.47
2022-05-16 04:00:00,97.31,327.83,638.83,161.14,2023.49,56.54
2022-05-17 04:00:00,99.12,333.16,648.34,164.17,2031.87,57.61
2022-05-18 04:00:00,95.11,320.65,599.87,156.71,1839.62,57.09
2022-05-19 04:00:00,95.9,319.13,601.53,155.25,1889.39,59.0
2022-05-20 04:00:00,97.62,322.86,572.57,155.0,1771.68,59.23
2022-05-23 04:00:00,98.11,327.63,579.11,158.53,1805.22,60.91
2022-05-24 04:00:00,98.36,328.8,608.18,157.76,1910.22,62.09
2022-05-25 04:00:00,97.52,333.48,615.79,157.49,1964.66,62.01
2022-05-26 04:00:00,99.53,336.42,639.15,161.02,2028.96,63.17
2022-05-27 04:00:00,102.7,334.96,647.34,165.64,2055.39,62.91
2022-05-31 04:00:00,102.39,328.69,637.17,161.94,2059.65,62.62
2022-06-01 04:00:00,101.99,322.21,624.61,160.51,2035.11,62.33
2022-06-02 04:00:00,102.9,318.58,634.12,164.37,2061.3,62.54
2022-06-03 04:00:00,100.94,316.38,631.61,162.21,2058.04,62.0
2022-06-06 04:00:00,100.86,317.66,637.8,162.0,2099.06,61.72
2022-06-07 04:00:00,101.76,321.65,634.84,163.56,2119.98,62.38
2022-06-08 04:00:00,101.38,315.02,624.83,161.18,2092.35,62.0
2022-06-09 04:00:00,99.5,312.03,619.13,156.96,2101.15,61.08
2022-06-10 04:00:00,97.78,313.34,607.44,153.0,2064.46,57.98
2022-06-13 04:00:00,96.82,306.99,594.27,151.58,2026.66,56.24
2022-06-14 04:00:00,94.05,306.52,596.69,153.23,2033.58,56.39
2022-06-15 04:00:00,95.63,307.68,599.01,152.75,2013.81,55.53
2022-06-16 04:00:00,94.85,304.02,585.0,149.05,2001.16,54.04
2022-06-17 04:00:00,90.33,300.57,586.72,149.71,1992.55,53.22
2022-06-21 04:00:00,93.81,309.38,597.35,155.21,2032.12,55.37
2022-06-22 04:00:00,93.96,311.05,608.82,157.31,2071.62,53.43
2022-06-23 04:00:00,96.68,314.66,628.19,160.04,2108.64,50.93
2022-06-24 04:00:00,97.91,321.55,639.06,165.25,2158.91,53.56
2022-06-27 04:00:00,98.68,326.24,641.12,165.23,2169.27,54.24
2022-06-28 04:00:00,96.75,321.55,630.52,163.18,2125.33,54.27
2022-06-29 04:00:00,96.41,328.06,637.13,163.2,2140.0,54.53
2022-06-30 04:00:00,94.04,326.21,631.76,163.04,2149.12,54.14
2022-07-01 04:00:00,95.23,329.53,636.08,164.63,2159.81,54.12
2022-07-05 04:00:00,96.02,322.38,647.51,166.07,2140.39,52.1
2022-07-06 04:00:00,95.5,321.54,657.75,168.34,2167.54,52.04
2022-07-07 04:00:00,96.68,321.25,661.62,167.3,2168.6,52.85
2022-07-08 04:00:00,95.87,331.2,657.88,166.76,2182.37,52.73
2022-07-11 04:00:00,94.54,328.81,655.3,165.84,2160.01,52.91
2022-07-12 04:00:00,93.34,327.38,653.29,164.82,2158.6,52.56
2022-07-13 04:00:00,94.49,325.18,667.16,164.66,2174.89,51.97
2022-07-14 04:00:00,93.62,326.49,673.78,162.74,2175.34,51.49
2022-07-15 04:00:00,95.83,330.0,683.2,165.75,2215.03,52.0
2022-07-18 04:00:00,94.88,326.03,672.74,161.88,2191.8,52.24
2022-07-19 04:00:00,96.81,329.97,689.32,166.52,2224.32,53.74
2022-07-20 04:00:00,98.44,326.6,689.96,166.57,2194.53,54.02
2022-07-21 04:00:00,99.47,327.81,685.86,169.6,2138.75,53.88
2022-07-22 04:00:00,99.11,330.44,688.2,168.23,2147.62,54.01
2022-07-25 04:00:00,98.97,336.2,685.2,169.71,2144.87,55.47
2022-07-26 04:00:00,97.64,337.67,675.35,169.99,2097.4,55.46
2022-07-27 04:00:00,97.51,339.62,689.4,173.31,2132.67,56.61
2022-07-28 04:00:00,102.56,340.12,707.01,176.06,2130.45,56.96
2022-07-29 04:00:00,101.99,341.58,703.59,178.99,2137.39,57.55
2022-08-01 04:00:00,100.4,342.42,708.99,172.52,2161.36,56.9
2022-08-02 04:00:00,100.66,335.09,708.47,172.34,2153.92,55.74
2022-08-03 04:00:00,103.02,327.1,705.37,177.24,2148.03,55.7
2022-08-04 04:00:00,107.44,337.81,706.92,176.49,2164.13,55.22
2022-08-05 04:00:00,105.02,346.69,709.01,178.51,2195.19,57.9
2022-08-08 04:00:00,104.3,347.38,712.27,179.39,2218.67,59.09
2022-08-09 04:00:00,104.91,354.77,717.02,182.75,2222.51,59.72
2022-08-10 04:00:00,106.05,359.61,719.83,185.41,2223.27,60.09
2022-08-11 04:00:00,106.63,358.76,719.41,185.2,2230.83,60.27
2022-08-12 04:00:00,109.68,365.2,731.59,189.4,2259.18,61.76
2022-08-15 04:00:00,109.6,371.45,737.96,190.15,2285.96,61.61
2022-08-16 04:00:00,111.06,373.84,742.59,190.66,2329.52,62.1
2022-08-17 04:00:00,111.7,367.37,743.76,190.85,2328.6,61.87
2022-08-18 04:00:00,112.62,368.56,736.72,191.52,2320.09,62.37
2022-08-19 04:00:00,109.09,371.01,736.55,190.7,2332.09,61.33
2022-08-22 04:00:00,107.83,368.12,724.38,188.88,2310.67,61.04
2022-08-23 04:00:00,106.45,364.02,720.09,186.35,2291.49,61.77
2022-08-24 04:00:00,106.92,363.22,711.21,187.96,2231.81,61.9
2022-08-25 04:00:00,107.01,366.89,713.73,191.08,2223.6,63.24
2022-08-26 04:00:00,103.59,356.79,698.79,187.7,2163.02,62.32
2022-08-29 04:00:00,101.59,363.02,704.77,185.06,2167.36,61.91
2022-08-30 04:00:00,100.51,364.01,698.26,182.89,2137.02,61.77
2022-08-31 04:00:00,100.85,367.0,697.12,181.57,2119.21,61.43
2022-09-01 04:00:00,102.04,363.83,706.47,181.6,2145.59,60.81
2022-09-02 04:00:00,101.28,363.82,702.7,180.47,2120.88,61.24
2022-09-06 04:00:00,99.91,360.8,707.53,180.9,2130.86,60.32
2022-09-07 04:00:00,102.3,366.96,724.41,186.58,2197.06,61.82
2022-09-08 04:00:00,103.21,370.16,728.64,187.09,2193.25,62.04
2022-09-09 04:00:00,103.4,366.21,721.02,188.42,2199.08,62.52
2022-09-12 04:00:00,104.09,363.73,727.42,187.63,2220.38,62.11
2022-09-13 04:00:00,99.86,347.89,695.68,184.81,2138.36,62.65
2022-09-14 04:00:00,99.86,341.4,689.43,185.1,2133.01,63.81
2022-09-15 04:00:00,98.39,341.02,688.87,184.52,2144.94,62.12
2022-09-16 04:00:00,97.27,346.25,693.51,179.45,2165.65,61.35
2022-09-19 04:00:00,97.02,348.95,695.28,181.39,2097.59,61.42
2022-09-20 04:00:00,94.85,345.56,701.07,179.17,2131.47,61.4
2022-09-21 04:00:00,93.61,345.47,695.425,174.32,2104.02,59.23
2022-09-22 04:00:00,94.06,346.96,693.56,172.53,2082.64,59.76
2022-09-23 04:00:00,93.24,343.27,688.23,171.83,2096.84,57.92
2022-09-26 04:00:00,91.59,342.88,693.72,169.46,2093.68,57.61
2022-09-27 04:00:00,91.5,341.47,693.19,169.73,2099.5,57.26
2022-09-28 04:00:00,93.05,348.94,717.63,170.8,2169.44,58.38
2022-09-29 04:00:00,90.75,342.0,711.76,171.14,2159.02,57.21
2022-09-30 04:00:00,90.35,339.87,703.35,171.22,2141.93,57.15
2022-10-03 04:00:00,92.82,346.74,718.19,176.58,2197.71,59.18
2022-10-04 04:00:00,94.16,355.36,729.71,180.01,2205.03,61.76
2022-10-05 04:00:00,93.41,354.37,732.09,181.76,2245.45,61.52
2022-10-06 04:00:00,93.35,350.89,732.41,179.1,2215.88,60.89
2022-10-07 04:00:00,90.02,346.68,710.77,174.31,2174.0,60.83
2022-10-10 04:00:00,90.26,347.32,724.57,176.57,2233.54,61.05
2022-10-11 04:00:00,90.79,351.55,730.9,176.13,2267.51,60.76
2022-10-12 04:00:00,90.61,345.39,727.56,174.87,2245.99,60.79
2022-10-13 04:00:00,92.47,354.47,737.98,178.66,2282.76,62.95
2022-10-14 04:00:00,90.15,352.65,731.91,170.36,2255.17,58.73
2022-10-17 04:00:00,91.78,354.49,736.27,175.08,2289.79,60.36
2022-10-18 04:00:00,92.71,360.88,742.11,176.14,2306.86,61.62
2022-10-19 04:00:00,91.63,360.66,737.72,178.05,2289.8,61.8
2022-10-20 04:00:00,90.33,359.19,730.92,173.82,2258.83,61.93
2022-10-21 04:00:00,93.05,370.64,744.07,175.37,2301.03,62.88
2022-10-24 04:00:00,93.24,379.11,768.46,179.15,2407.52,63.36
2022-10-25 04:00:00,95.16,382.43,775.73,175.42,2439.89,64.96
2022-10-26 04:00:00,93.89,385.41,777.46,175.91,2423.68,65.87
2022-10-27 04:00:00,95.63,388.07,813.22,177.53,2521.77,65.97
2022-10-28 04:00:00,96.68,394.72,836.3,188.58,2543.5,66.02
2022-10-31 04:00:00,95.57,389.37,837.17,187.08,2532.88,65.34
2022-11-01 04:00:00,94.02,382.04,834.0,187.42,2535.0,67.11
2022-11-02 04:00:00,92.63,389.79,815.11,185.35,2478.68,66.91
2022-11-03 04:00:00,95.47,397.58,819.37,187.35,2478.46,66.98
2022-11-04 04:00:00,96.62,396.65,815.74,188.39,2465.1,65.37
2022-11-07 05:00:00,97.5,395.8,830.2,191.99,2505.01,66.04
2022-11-08 05:00:00,99.43,390.77,833.51,192.39,2495.6,67.19
2022-11-09 05:00:00,97.26,386.22,828.7,188.58,2464.89,67.05
2022-11-10 05:00:00,102.54,370.32,843.85,193.0,2467.66,67.21
2022-11-11 05:00:00,104.32,356.21,815.6,186.0,2408.99,64.77
2022-11-14 05:00:00,104.1,361.08,824.92,185.77,2446.88,66.73
2022-11-15 05:00:00,105.05,353.68,825.12,187.78,2425.6,66.72
2022-11-16 05:00:00,104.02,363.2,833.98,189.51,2450.51,65.35
2022-11-17 05:00:00,104.1,366.55,829.98,190.27,2420.82,65.43
2022-11-18 05:00:00,104.21,369.73,838.27,194.33,2460.84,65.2
2022-11-21 05:00:00,105.35,368.79,846.39,195.75,2501.0,65.15
2022-11-22 05:00:00,106.03,377.73,852.13,197.23,2528.81,66.09
2022-11-23 05:00:00,106.94,380.75,850.82,197.32,2516.58,65.8
2022-11-25 05:00:00,107.12,383.34,855.97,199.29,2562.12,66.33
2022-11-28 05:00:00,105.08,380.34,852.56,196.43,2545.98,64.93
2022-11-29 05:00:00,105.34,381.78,849.73,195.68,2556.05,65.57
2022-11-30 05:00:00,108.31,381.68,864.54,199.11,2579.0,67.16
2022-12-01 05:00:00,109.53,379.72,857.18,199.72,2552.97,66.25
2022-12-02 05:00:00,109.25,386.85,858.41,201.26,2571.59,67.31
2022-12-05 05:00:00,107.09,382.44,843.1,196.83,2526.92,64.36
2022-12-06 05:00:00,105.74,378.04,829.66,195.98,2456.92,63.66
2022-12-07 05:00:00,103.53,385.51,828.79,193.96,2455.26,63.76
2022-12-08 05:00:00,104.44,381.64,836.36,195.03,2488.9,63.74
2022-12-09 05:00:00,103.33,371.41,827.8,191.83,2454.99,62.99
2022-12-12 05:00:00,105.26,377.75,834.35,193.74,2451.95,62.29
2022-12-13 05:00:00,106.38,371.09,818.76,193.85,2393.46,62.64
2022-12-14 05:00:00,103.93,372.31,814.5,193.11,2360.47,61.7
2022-12-15 05:00:00,102.22,368.28,807.2,188.1,2358.5,60.23
2022-12-16 05:00:00,100.76,372.64,811.77,186.35,2380.45,59.78
2022-12-19 05:00:00,100.28,375.54,816.43,185.09,2379.17,58.3
2022-12-20 05:00:00,100.39,375.55,823.63,186.89,2384.15,58.89
2022-12-21 05:00:00,102.55,380.46,833.62,189.48,2430.48,59.39
2022-12-22 05:00:00,102.46,381.79,823.78,188.03,2403.86,58.9
2022-12-23 05:00:00,102.81,383.67,833.55,188.41,2430.65,59.38
2022-12-27 05:00:00,102.11,380.19,843.84,189.28,2454.32,59.76
2022-12-28 05:00:00,102.27,377.51,844.62,187.95,2461.63,58.63
2022-12-29 05:00:00,104.1,375.12,843.66,190.17,2464.38,58.98
2022-12-30 05:00:00,102.59,375.12,844.03,188.54,2466.18,58.78
2023-01-03 05:00:00,103.23,374.33,840.72,187.26,2431.06,58.93
2023-01-04 05:00:00,103.93,374.01,826.74,189.74,2445.46,59.69
2023-01-05 05:00:00,102.58,374.05,834.29,186.44,2416.57,59.04
2023-01-06 05:00:00,104.9,386.05,842.52,192.02,2486.64,61.01
2023-01-09 05:00:00,105.24,381.96,828.71,191.76,2441.75,61.11
2023-01-10 05:00:00,106.65,382.67,826.88,192.68,2435.52,61.75
2023-01-11 05:00:00,108.69,380.8,825.5,195.76,2433.23,62.08
2023-01-12 05:00:00,109.03,380.84,810.85,194.99,2363.0,62.58
2023-01-13 05:00:00,107.63,381.81,815.47,196.55,2368.88,62.72
2023-01-17 05:00:00,107.41,383.47,809.74,195.65,2355.88,62.7
2023-01-18 05:00:00,107.67,378.4,805.08,191.99,2344.93,61.51
2023-01-19 05:00:00,106.92,378.72,793.73,190.89,2327.54,62.22
2023-01-20 05:00:00,108.48,378.04,793.38,193.9,2326.61,62.36
2023-01-23 05:00:00,108.67,375.03,794.4,195.88,2318.96,61.9
2023-01-24 05:00:00,106.25,376.5,799.09,197.01,2341.56,62.51
2023-01-25 05:00:00,106.49,376.05,800.47,197.15,2357.81,63.13
2023-01-26 05:00:00,108.19,384.12,800.63,197.25,2415.27,63.13
2023-01-27 05:00:00,107.94,379.2,771.17,193.81,2369.34,63.83
2023-01-30 05:00:00,106.66,378.69,789.63,195.3,2428.58,62.53
2023-01-31 05:00:00,107.55,378.68,792.35,195.72,2438.85,64.45
2023-02-01 05:00:00,109.01,370.98,807.93,196.28,2495.68,64.48
2023-02-02 05:00:00,108.33,366.48,805.66,194.68,2443.55,62.0
2023-02-03 05:00:00,107.66,362.58,794.84,193.49,2398.51,61.5
2023-02-06 05:00:00,108.32,358.13,809.45,194.55,2425.88,60.7
2023-02-07 05:00:00,109.35,363.61,801.02,197.47,2419.81,60.71
2023-02-08 05:00:00,109.25,366.68,787.36,196.15,2424.36,61.88
2023-02-09 05:00:00,107.54,362.36,817.0,193.33,2490.28,62.6
2023-02-10 05:00:00,108.71,368.07,825.32,195.06,2513.69,64.47
2023-02-13 05:00:00,109.19,366.96,849.49,195.22,2543.51,62.47
2023-02-14 05:00:00,108.4,365.85,861.0,188.25,2546.27,62.18
2023-02-15 05:00:00,108.64,363.64,861.23,190.33,2580.27,62.11
2023-02-16 05:00:00,107.13,363.75,862.0,188.63,2571.35,62.75
2023-02-17 05:00:00,107.11,366.86,873.01,188.6,2605.62,61.81
2023-02-21 05:00:00,104.16,361.51,860.13,186.55,2573.14,60.06
2023-02-22 05:00:00,104.29,360.7,842.51,186.29,2567.36,61.94
2023-02-23 05:00:00,103.76,360.33,841.16,185.46,2571.46,62.0
2023-02-24 05:00:00,102.51,359.14,831.82,184.73,2540.56,61.68
2023-02-27 05:00:00,101.51,355.35,845.96,184.9,2572.25,62.11
2023-02-28 05:00:00,101.8,349.81,830.1,187.35,2486.54,62.29
2023-03-01 05:00:00,100.9,351.75,824.22,187.78,2456.37,62.15
2023-03-02 05:00:00,102.71,347.34,840.89,187.02,2485.63,63.55
2023-03-03 05:00:00,102.48,345.67,838.03,189.03,2497.34,63.7
2023-03-06 05:00:00,103.24,347.89,839.44,190.88,2520.0,63.25
2023-03-07 05:00:00,102.96,337.33,828.72,189.03,2474.83,62.97
2023-03-08 05:00:00,102.61,338.28,830.56,188.98,2459.57,62.2
2023-03-09 05:00:00,100.1,335.97,822.31,185.45,2422.19,59.92
2023-03-10 05:00:00,95.39,336.2,819.92,182.76,2421.39,58.89
2023-03-13 04:00:00,97.67,335.4,818.23,179.97,2429.86,58.62
2023-03-14 04:00:00,98.85,336.5,821.23,183.35,2427.41,58.92
2023-03-15 04:00:00,97.52,335.35,818.26,177.09,2415.68,56.85
2023-03-16 04:00:00,99.23,339.92,819.52,183.6,2413.32,56.96
2023-03-17 04:00:00,97.0,339.35,797.87,180.0,2365.0,56.61
2023-03-20 04:00:00,98.04,345.25,816.06,182.46,2391.17,57.62
2023-03-21 04:00:00,99.72,347.47,819.63,183.88,2394.95,58.51
2023-03-22 04:00:00,97.4,341.82,808.97,180.54,2349.3,57.44
2023-03-23 04:00:00,96.53,335.83,801.38,184.44,2307.82,56.81
2023-03-24 04:00:00,97.49,346.56,810.76,185.66,2329.4,56.84
2023-03-27 04:00:00,98.05,349.4,819.04,186.13,2368.55,57.7
2023-03-28 04:00:00,99.1,354.48,828.85,186.52,2405.22,58.1
2023-03-29 04:00:00,101.67,357.16,832.08,189.0,2395.37,59.94
2023-03-30 04:00:00,102.73,357.78,841.5,189.67,2406.19,59.95
2023-03-31 04:00:00,104.29,356.05,848.98,191.31,2458.15,60.31
2023-04-03 04:00:00,105.42,363.77,867.95,193.26,2511.54,61.0
2023-04-04 04:00:00,106.04,362.99,864.44,193.92,2502.05,60.4
2023-04-05 04:00:00,106.22,373.17,858.35,195.28,2494.44,60.72
2023-04-06 04:00:00,108.25,370.09,861.13,197.37,2530.68,59.8
2023-04-10 04:00:00,106.38,370.77,869.75,195.61,2554.44,60.29
2023-04-11 04:00:00,106.13,366.17,871.04,196.79,2559.54,60.93
2023-04-12 04:00:00,107.09,362.56,877.35,198.27,2598.89,61.79
2023-04-13 04:00:00,107.51,364.32,887.95,199.7,2618.65,62.72
2023-04-14 04:00:00,107.51,362.0,892.27,200.45,2638.32,62.13
2023-04-17 04:00:00,107.99,363.28,897.28,203.21,2665.41,62.77
2023-04-18 04:00:00,107.49,360.26,909.92,206.62,2681.65,62.97
2023-04-19 04:00:00,108.34,355.55,899.14,204.15,2663.16,62.25
2023-04-20 04:00:00,107.76,359.27,905.36,207.88,2701.84,61.89
2023-04-21 04:00:00,108.35,359.86,903.81,207.77,2681.41,61.48
2023-04-24 04:00:00,107.93,361.92,907.0,207.42,2677.12,61.51
2023-04-25 04:00:00,106.34,363.29,897.76,207.19,2678.34,60.53
2023-04-26 04:00:00,104.61,359.24,894.2,205.44,2644.83,59.64
2023-04-27 04:00:00,107.42,363.81,915.67,209.05,2660.73,60.67
2023-04-28 04:00:00,108.93,364.24,917.31,208.06,2663.31,61.12
2023-05-01 04:00:00,108.62,354.01,929.6,210.52,2679.54,61.46
2023-05-02 04:00:00,107.11,361.0,936.52,210.1,2702.89,60.64
2023-05-03 04:00:00,104.83,354.42,931.67,209.13,2677.58,60.0
2023-05-04 04:00:00,106.75,355.04,933.62,210.83,2661.6,56.88
2023-05-05 04:00:00,108.31,365.87,940.78,213.82,2691.58,58.25
2023-05-08 04:00:00,107.22,368.56,946.64,215.32,2709.54,57.59
2023-05-09 04:00:00,106.21,388.72,953.46,216.08,2726.51,57.1
2023-05-10 04:00:00,108.49,394.46,954.77,217.32,2733.65,57.57
2023-05-11 04:00:00,108.21,392.05,958.26,216.81,2715.2,56.83
2023-05-12 04:00:00,108.59,389.97,962.1,218.62,2729.06,57.02
2023-05-15 04:00:00,109.86,391.15,945.28,217.83,2706.53,57.9
2023-05-16 04:00:00,109.0,396.04,937.55,217.01,2673.46,56.97
2023-05-17 04:00:00,108.6,400.96,939.43,215.03,2679.55,55.96
2023-05-18 04:00:00,108.55,397.86,941.8,214.5,2648.95,56.19
2023-05-19 04:00:00,108.03,397.67,954.3,216.07,2653.18,56.97
2023-05-22 04:00:00,109.18,396.43,928.14,214.59,2619.8,56.86
2023-05-23 04:00:00,107.89,393.14,911.99,206.61,2463.41,56.03
2023-05-24 04:00:00,106.58,396.43,928.94,205.08,2423.62,55.25
2023-05-25 04:00:00,105.11,395.39,935.02,204.32,2459.75,54.85
2023-05-26 04:00:00,105.16,387.95,923.0,203.81,2460.79,55.17
2023-05-30 04:00:00,104.4,384.27,928.08,203.52,2454.64,54.97
2023-05-31 04:00:00,105.95,390.84,903.31,200.33,2386.84,53.49
2023-06-01 04:00:00,106.37,389.23,895.28,202.13,2373.58,53.86
2023-06-02 04:00:00,107.98,390.16,895.34,205.68,2381.23,55.92
2023-06-05 04:00:00,108.32,395.31,902.11,206.27,2339.95,56.2
2023-06-06 04:00:00,108.44,388.96,885.93,205.34,2323.05,57.62
2023-06-07 04:00:00,108.32,384.62,883.11,204.15,2306.65,58.09
2023-06-08 04:00:00,110.6,389.22,906.68,204.84,2360.61,57.83
2023-06-09 04:00:00,109.96,393.91,906.99,206.87,2363.19,56.44
2023-06-12 04:00:00,108.5,395.27,911.78,208.24,2415.0,57.0
2023-06-13 04:00:00,108.99,397.0,916.27,208.76,2420.95,57.7
2023-06-14 04:00:00,110.67,391.25,909.64,209.79,2399.42,57.03
2023-06-15 04:00:00,112.38,400.07,927.49,213.63,2497.37,57.68
2023-06-16 04:00:00,111.68,406.2,919.02,213.78,2493.83,57.23
2023-06-20 04:00:00,112.17,410.33,917.49,211.64,2453.07,56.54
2023-06-21 04:00:00,111.2,414.46,937.93,212.97,2446.28,58.57
2023-06-22 04:00:00,110.68,417.21,932.55,212.82,2438.63,57.89
2023-06-23 04:00:00,111.09,415.76,924.76,212.46,2423.73,57.23
2023-06-26 04:00:00,110.13,414.09,931.65,210.63,2476.55,58.01
2023-06-27 04:00:00,110.87,414.73,935.39,212.15,2439.88,57.33
2023-06-28 04:00:00,111.72,415.21,937.03,210.89,2437.63,56.94
2023-06-29 04:00:00,112.28,420.88,937.42,214.67,2455.4,57.7
2023-06-30 04:00:00,113.08,427.31,955.3,219.57,2493.36,57.3
2023-07-03 04:00:00,112.93,420.8,947.08,216.18,2483.48,58.0
2023-07-05 04:00:00,112.31,418.79,947.84,215.95,2492.43,56.55
2023-07-06 04:00:00,112.0,415.91,944.33,216.32,2491.1,56.62
2023-07-07 04:00:00,112.29,414.8,934.47,214.05,2469.51,57.3
2023-07-10 04:00:00,113.16,414.76,961.09,215.59,2513.56,54.09
2023-07-11 04:00:00,114.41,413.72,967.56,216.35,2553.01,54.52
2023-07-12 04:00:00,115.38,408.77,969.23,214.89,2573.38,54.03
2023-07-13 04:00:00,117.04,409.69,956.06,213.83,2538.18,54.61
2023-07-14 04:00:00,117.51,409.5,961.41,213.88,2556.59,54.25
2023-07-17 04:00:00,116.64,411.67,968.96,217.2,2544.23,54.59
2023-07-18 04:00:00,116.07,410.64,962.41,215.07,2528.09,55.1
2023-07-19 04:00:00,115.66,410.99,963.45,212.72,2505.89,56.19
2023-07-20 04:00:00,115.63,418.77,952.23,218.23,2460.0,56.62
2023-07-21 04:00:00,116.22,414.25,956.23,218.61,2457.93,56.35
2023-07-24 04:00:00,116.28,413.18,957.98,219.64,2494.79,56.7
2023-07-25 04:00:00,116.54,411.27,964.31,220.32,2501.22,56.23
2023-07-26 04:00:00,116.73,403.79,965.62,219.75,2492.73,55.79
2023-07-27 04:00:00,114.93,405.51,919.61,217.15,2446.92,55.59
2023-07-28 04:00:00,115.13,402.89,928.79,216.22,2477.77,56.14
2023-07-31 04:00:00,114.8,402.4,925.79,214.8,2481.72,56.43
2023-08-01 04:00:00,115.04,405.02,931.05,219.24,2481.1,55.94
2023-08-02 04:00:00,115.0,413.07,918.46,221.55,2433.89,55.9
2023-08-03 04:00:00,112.07,435.12,930.78,222.2,2476.95,55.69
2023-08-04 04:00:00,114.0,421.77,925.93,220.81,2450.99,56.02
2023-08-07 04:00:00,116.07,422.23,931.76,224.06,2464.01,54.57
2023-08-08 04:00:00,114.87,427.73,929.2,220.53,2461.11,54.18
2023-08-09 04:00:00,114.2,428.34,929.74,223.69,2466.56,53.37
2023-08-10 04:00:00,114.8,433.99,936.64,222.65,2462.89,52.21
2023-08-11 04:00:00,113.99,440.06,943.56,224.37,2483.83,52.41
2023-08-14 04:00:00,114.92,438.0,945.15,225.58,2517.17,52.0
2023-08-15 04:00:00,114.11,430.91,951.36,223.86,2510.42,50.65
2023-08-16 04:00:00,113.97,429.62,951.06,225.05,2489.52,50.01
2023-08-17 04:00:00,113.61,416.95,931.67,220.48,2457.28,50.43
2023-08-18 04:00:00,113.75,420.43,938.0,220.55,2458.39,50.76
2023-08-21 04:00:00,113.86,425.85,945.49,221.44,2449.8,50.21
2023-08-22 04:00:00,113.25,418.39,934.03,222.12,2450.2,49.38
2023-08-23 04:00:00,114.83,421.29,947.17,225.33,2475.01,49.08
2023-08-24 04:00:00,115.26,423.35,935.14,224.86,2447.54,49.65
2023-08-25 04:00:00,115.8,423.3,931.04,227.6,2453.4,49.94
2023-08-28 04:00:00,117.5,423.4,934.43,228.88,2469.13,50.93
2023-08-29 04:00:00,118.57,421.68,946.62,230.79,2527.5,51.31
2023-08-30 04:00:00,117.9,421.6,952.15,230.83,2563.18,51.26
2023-08-31 04:00:00,117.99,412.32,939.7,230.48,2531.33,50.51
2023-09-01 04:00:00,117.01,412.34,947.45,231.07,2542.39,51.11
2023-09-05 04:00:00,114.64,407.13,945.53,226.8,2556.06,50.96
2023-09-06 04:00:00,113.61,411.25,944.79,227.74,2568.89,50.5
2023-09-07 04:00:00,115.23,418.62,945.81,230.64,2572.21,49.56
2023-09-08 04:00:00,114.96,420.78,958.36,228.19,2619.29,49.58
2023-09-11 04:00:00,115.03,423.9,942.5,228.55,2572.96,49.81
2023-09-12 04:00:00,115.99,422.1,924.27,230.29,2527.08,51.63
2023-09-13 04:00:00,116.77,420.48,926.85,229.0,2531.04,51.99
2023-09-14 04:00:00,116.9,419.6,940.68,231.45,2576.1,52.61
2023-09-15 04:00:00,115.72,420.13,930.21,230.14,2529.68,52.55
2023-09-18 04:00:00,115.89,427.29,929.35,233.11,2522.1,51.87
2023-09-19 04:00:00,115.47,432.07,929.18,235.78,2475.12,52.54
2023-09-20 04:00:00,115.35,439.86,945.83,235.19,2583.36,51.77
2023-09-21 04:00:00,112.42,438.24,926.47,232.94,2530.76,51.53
2023-09-22 04:00:00,110.17,438.66,936.02,233.08,2570.27,51.42
2023-09-25 04:00:00,109.18,446.42,933.64,233.25,2580.3,51.27
2023-09-26 04:00:00,107.23,443.03,914.56,230.93,2553.37,50.79
2023-09-27 04:00:00,108.27,444.38,914.17,230.33,2540.9,50.75
2023-09-28 04:00:00,110.82,442.04,917.41,230.77,2559.48,50.91
2023-09-29 04:00:00,110.02,434.85,908.86,227.93,2539.99,51.16
2023-10-02 04:00:00,109.22,437.42,898.62,224.91,2522.93,50.05
2023-10-03 04:00:00,107.59,438.49,889.6,225.22,2472.04,50.34
2023-10-04 04:00:00,109.03,442.03,897.2,229.26,2497.6,50.45
2023-10-05 04:00:00,109.69,445.8,900.8,229.56,2521.68,49.83
2023-10-06 04:00:00,110.88,445.29,902.15,232.01,2549.04,50.05
2023-10-09 04:00:00,112.13,451.78,914.67,233.11,2564.93,50.59
2023-10-10 04:00:00,111.76,454.51,918.13,233.49,2577.58,50.52
2023-10-11 04:00:00,111.45,456.66,916.41,234.9,2571.86,49.88
2023-10-12 04:00:00,110.77,459.22,919.44,233.44,2561.65,49.44
2023-10-13 04:00:00,110.43,462.56,926.46,233.88,2552.7,49.55
2023-10-16 04:00:00,111.92,455.29,945.3,236.59,2602.75,49.81
2023-10-17 04:00:00,111.76,455.25,946.06,236.03,2650.7,51.56
2023-10-18 04:00:00,109.64,455.72,930.5,234.34,2629.4,51.23
2023-10-19 04:00:00,109.57,453.27,898.39,231.03,2494.66,50.96
2023-10-20 04:00:00,108.02,452.81,907.06,227.57,2488.55,50.26
2023-10-23 04:00:00,107.71,450.0,878.67,227.7,2432.82,48.77
2023-10-24 04:00:00,106.93,452.05,872.0,231.21,2416.54,48.41
2023-10-25 04:00:00,106.73,453.0,874.92,231.1,2436.12,48.63
2023-10-26 04:00:00,107.29,451.64,921.64,229.89,2450.73,48.71
2023-10-27 04:00:00,104.72,448.03,924.56,228.24,2446.17,47.82
2023-10-30 04:00:00,106.03,449.43,930.14,233.73,2469.7,48.22
2023-10-31 04:00:00,107.44,455.36,930.44,235.49,2477.13,48.14
2023-11-01 04:00:00,108.25,459.59,945.66,237.31,2490.72,47.74
2023-11-02 04:00:00,106.26,447.6,948.09,242.2,2546.02,49.56
2023-11-03 04:00:00,107.91,452.76,952.84,242.33,2574.54,50.23
2023-11-06 05:00:00,107.79,460.01,956.1,242.97,2605.82,49.97
2023-11-07 05:00:00,108.22,458.04,974.61,244.0,2650.45,49.28
2023-11-08 05:00:00,109.17,460.67,973.7,245.57,2652.85,48.62
2023-11-09 05:00:00,108.55,461.86,978.14,246.77,2678.96,44.51
2023-11-10 05:00:00,109.78,469.29,986.22,248.27,2702.34,43.55
2023-11-13 05:00:00,108.66,470.64,995.92,247.75,2707.12,45.29
2023-11-14 05:00:00,110.45,453.82,982.96,244.14,2684.53,46.28
2023-11-15 05:00:00,111.05,446.38,973.335,240.71,2686.42,46.73
2023-11-16 05:00:00,112.27,450.78,971.99,245.51,2658.23,46.97
2023-11-17 05:00:00,111.4,450.2,968.55,245.45,2627.05,47.32
2023-11-20 05:00:00,112.15,452.97,978.61,246.56,2649.25,46.86
2023-11-21 05:00:00,113.45,454.31,983.59,248.9,2676.09,46.27
2023-11-22 05:00:00,114.32,457.45,991.46,250.99,2671.77,46.36
2023-11-24 05:00:00,114.39,461.37,987.16,252.92,2688.0,46.67
2023-11-27 05:00:00,113.14,461.89,983.13,252.3,2613.15,45.73
2023-11-28 05:00:00,112.78,461.6,977.43,246.74,2602.18,45.5
2023-11-29 05:00:00,112.69,456.7,973.94,245.02,2596.51,45.5
2023-11-30 05:00:00,113.84,470.56,982.38,249.0,2609.93,45.2
2023-12-01 05:00:00,114.24,464.65,980.52,248.0,2641.75,46.2
2023-12-04 05:00:00,115.03,459.3,983.22,247.55,2664.11,45.22
2023-12-05 05:00:00,114.08,460.79,977.97,244.79,2671.13,43.89
2023-12-06 05:00:00,113.08,457.59,985.2,242.5,2710.62,44.15
2023-12-07 05:00:00,112.53,455.66,953.71,241.05,2632.7,44.5
2023-12-08 05:00:00,113.34,457.89,945.88,240.96,2620.49,45.15
2023-12-11 05:00:00,116.14,461.98,965.52,245.0,2633.5,45.8
2023-12-12 05:00:00,117.93,462.14,972.79,247.59,2661.25,44.81
2023-12-13 05:00:00,121.54,460.8,983.41,245.21,2719.78,45.54
2023-12-14 05:00:00,123.33,441.68,951.12,227.04,2636.69,46.54
2023-12-15 05:00:00,123.1,439.47,951.57,222.81,2628.05,46.55
2023-12-18 05:00:00,123.56,447.54,960.13,227.56,2637.36,47.18
2023-12-19 05:00:00,123.77,448.03,964.26,224.59,2649.32,47.86
2023-12-20 05:00:00,122.36,445.96,950.25,220.11,2607.34,46.59
2023-12-21 05:00:00,124.23,452.71,957.55,222.86,2612.67,47.29
2023-12-22 05:00:00,125.72,454.2,952.06,222.88,2608.69,47.46
2023-12-26 05:00:00,126.65,455.76,942.06,222.36,2569.36,48.0
2023-12-27 05:00:00,127.79,457.49,942.55,223.01,2573.32,47.98
2023-12-28 05:00:00,128.6,457.5,941.21,223.46,2567.65,48.09
2023-12-29 05:00:00,128.43,462.98,950.08,224.88,2585.61,47.92
2024-01-02 05:00:00,126.45,473.42,944.98,225.0,2568.5,48.56
2024-01-03 05:00:00,124.81,480.34,943.71,225.02,2567.59,48.08
2024-01-04 05:00:00,125.62,474.55,935.8,225.9,2557.41,47.6
2024-01-05 05:00:00,125.79,478.19,925.4,225.28,2550.93,47.33
2024-01-08 05:00:00,128.41,476.63,927.94,228.84,2553.93,47.01
2024-01-09 05:00:00,127.04,481.06,927.9,226.14,2521.28,46.51
2024-01-10 05:00:00,127.65,483.69,936.55,230.15,2537.16,46.05
2024-01-11 05:00:00,126.77,488.84,944.61,232.0,2546.65,46.03
2024-01-12 05:00:00,126.96,485.32,953.06,234.8,2569.1,46.11
2024-01-16 05:00:00,126.03,488.5,990.25,233.47,2669.56,45.49
2024-01-17 05:00:00,125.83,485.82,992.16,233.99,2669.21,44.84
2024-01-18 05:00:00,126.63,493.0,1015.53,236.95,2722.98,44.41
2024-01-19 05:00:00,126.45,484.6,1028.1,238.79,2746.44,45.6
2024-01-22 05:00:00,127.3,487.32,1035.94,237.52,2770.99,44.97
2024-01-23 05:00:00,127.14,485.37,1025.32,239.68,2768.31,45.43
2024-01-24 05:00:00,127.04,485.0,1018.45,239.07,2751.62,45.41
2024-01-25 05:00:00,127.29,486.33,1024.04,237.75,2748.61,45.24
2024-01-26 05:00:00,127.26,485.27,1022.51,233.03,2780.24,45.86
2024-01-29 05:00:00,128.18,486.46,1030.01,228.78,2794.44,45.93
2024-01-30 05:00:00,129.02,490.02,1041.12,230.57,2838.66,45.83
2024-01-31 05:00:00,127.33,499.89,1023.05,232.16,2762.13,45.48
2024-02-01 05:00:00,129.73,501.85,1041.75,232.12,2798.15,54.06
2024-02-02 05:00:00,128.7,504.45,1047.31,232.74,2821.89,53.04
2024-02-05 05:00:00,126.75,507.94,1055.62,236.26,2803.98,51.8
2024-02-06 05:00:00,126.33,506.87,1051.86,234.05,2811.86,52.09
2024-02-07 05:00:00,128.08,516.98,1067.02,236.2,2842.54,54.07
2024-02-08 05:00:00,134.12,494.23,1020.83,237.03,2731.66,53.24
2024-02-09 05:00:00,135.49,501.35,1025.82,238.84,2680.0,53.6
2024-02-12 05:00:00,135.46,494.48,1026.39,235.62,2703.88,55.04
2024-02-13 05:00:00,134.41,504.77,1039.26,236.32,2726.15,53.63
2024-02-14 05:00:00,136.66,501.2,1049.3,238.68,2726.87,54.08
2024-02-15 05:00:00,136.89,505.68,1047.9,240.55,2724.88,54.68
2024-02-16 05:00:00,137.12,511.06,1051.05,239.22,2727.83,54.8
2024-02-20 05:00:00,136.43,506.74,1035.63,241.74,2696.15,54.36
2024-02-21 05:00:00,136.69,507.42,1039.77,240.1,2729.69,54.22
2024-02-22 05:00:00,139.29,510.3,1054.81,244.67,2758.77,54.71
2024-02-23 05:00:00,138.38,516.24,1058.02,245.0,2756.34,54.9
2024-02-26 05:00:00,137.91,519.2,1062.07,244.04,2770.46,54.82
2024-02-27 05:00:00,138.63,518.98,1081.75,243.55,2954.99,55.13
2024-02-28 05:00:00,138.84,523.68,1092.96,245.47,3011.62,54.54
2024-02-29 05:00:00,138.42,521.41,1087.42,243.93,3006.02,53.52
2024-03-01 05:00:00,138.57,525.88,1085.45,243.54,3035.99,53.66
2024-03-04 05:00:00,138.07,534.18,1077.98,242.52,3079.94,53.61
2024-03-05 05:00:00,139.42,528.83,1079.67,245.35,3102.86,53.94
2024-03-06 05:00:00,139.43,525.05,1081.65,248.62,3104.2,54.03
2024-03-07 05:00:00,138.85,528.48,1089.43,249.91,3124.01,54.49
2024-03-08 05:00:00,138.66,527.41,1084.2,251.69,3079.49,54.68
2024-03-11 04:00:00,136.97,526.66,1086.13,252.71,3060.28,55.09
2024-03-12 04:00:00,136.99,531.24,1094.6,254.82,3059.51,55.11
2024-03-13 04:00:00,137.47,520.21,1101.4,255.38,3089.24,55.3
2024-03-14 04:00:00,135.45,529.36,1116.9,254.91,3119.04,55.2
2024-03-15 04:00:00,134.64,533.64,1113.18,253.17,3124.33,55.09
2024-03-18 04:00:00,134.4,529.71,1113.83,253.69,3101.97,54.71
2024-03-19 04:00:00,135.5,534.34,1134.63,253.86,3153.81,54.67
2024-03-20 04:00:00,136.1,530.75,1145.29,255.87,3187.38,55.73
2024-03-21 04:00:00,138.1,534.18,1162.94,250.3,3210.4,55.78
2024-03-22 04:00:00,136.23,532.57,1167.53,246.53,3239.32,55.07
2024-03-25 04:00:00,135.81,532.55,1137.07,245.58,3170.82,55.63
2024-03-26 04:00:00,137.12,536.09,1134.78,246.23,3191.48,56.3
2024-03-27 04:00:00,136.98,539.26,1135.52,247.79,3192.79,57.0
2024-03-28 04:00:00,137.43,536.85,1128.88,250.04,3151.65,57.67
2024-04-01 04:00:00,137.03,536.49,1130.28,247.18,3168.6,57.68
2024-04-02 04:00:00,137.5,533.27,1140.21,245.36,3170.04,57.17
2024-04-03 04:00:00,137.39,540.09,1132.95,245.37,3146.63,57.41
2024-04-04 04:00:00,136.7,534.79,1099.63,240.3,3085.04,56.95
2024-04-05 04:00:00,137.87,538.75,1117.56,243.99,3104.94,56.85
2024-04-08 04:00:00,136.88,532.23,1107.24,244.16,3076.09,57.52
2024-04-09 04:00:00,135.06,527.28,1095.74,244.13,3043.62,57.52
2024-04-10 04:00:00,132.94,529.99,1093.1,240.02,3025.75,57.16
2024-04-11 04:00:00,133.48,523.37,1083.0,238.17,3006.76,56.46
2024-04-12 04:00:00,133.55,523.01,1076.49,234.58,2962.32,53.76
2024-04-15 04:00:00,130.54,522.68,1069.27,232.09,2903.51,53.67
2024-04-16 04:00:00,129.9,528.35,1089.51,231.43,2910.27,53.32
2024-04-17 04:00:00,130.74,525.92,1094.8,230.52,2938.26,53.53
2024-04-18 04:00:00,130.98,518.81,1101.06,233.99,2973.17,53.96
2024-04-19 04:00:00,131.21,524.83,1090.94,236.57,2985.54,54.8
2024-04-22 04:00:00,131.65,527.32,1091.46,237.52,2961.66,55.2
2024-04-23 04:00:00,132.33,532.0,1092.35,237.87,2961.04,55.18
2024-04-24 04:00:00,132.57,535.42,1092.7,236.81,2988.51,54.77
2024-04-25 04:00:00,131.82,539.94,1054.13,236.95,2945.25,54.7
2024-04-26 04:00:00,131.7,543.3,1043.93,234.11,2945.98,54.92
2024-04-29 04:00:00,130.78,536.09,1037.04,233.55,2998.78,55.5
2024-04-30 04:00:00,128.76,537.21,1013.26,234.69,2956.4,54.13
2024-05-01 04:00:00,128.68,531.1,1005.11,238.8,2946.81,53.91
2024-05-02 04:00:00,126.54,530.27,1006.23,238.54,2962.09,56.98
2024-05-03 04:00:00,130.5,528.86,1012.95,238.72,2952.2,57.16
2024-05-06 04:00:00,131.28,533.41,1016.09,243.01,2967.7,56.36
2024-05-07 04:00:00,133.72,545.75,1020.71,245.02,2990.65,57.52
2024-05-08 04:00:00,133.39,543.61,1020.34,245.01,2962.52,56.82
2024-05-09 04:00:00,134.95,555.12,1030.72,247.56,2987.05,57.83
2024-05-10 04:00:00,133.99,559.91,1019.33,250.82,2979.32,57.48
2024-05-13 04:00:00,133.74,554.61,1012.75,249.5,2937.92,57.3
2024-05-14 04:00:00,134.39,551.58,1006.77,250.72,2921.43,57.55
2024-05-15 04:00:00,137.87,551.56,1010.38,251.78,2930.17,57.13
2024-05-16 04:00:00,137.11,555.76,1005.98,255.52,2900.99,56.0
2024-05-17 04:00:00,138.4,564.52,1012.06,257.67,2917.5,56.45
2024-05-20 04:00:00,136.95,564.0,995.33,256.39,2924.04,56.74
2024-05-21 04:00:00,137.27,552.39,995.59,257.84,2820.83,56.65
2024-05-22 04:00:00,136.89,557.38,991.44,257.65,2772.64,56.98
2024-05-23 04:00:00,135.4,558.03,975.87,250.96,2777.54,55.57
2024-05-24 04:00:00,136.34,560.73,986.96,252.06,2792.9,55.51
2024-05-28 04:00:00,133.68,549.26,957.51,248.33,2800.0,55.66
2024-05-29 04:00:00,131.95,558.89,957.9,245.32,2739.1,54.27
2024-05-30 04:00:00,133.24,560.96,963.64,249.09,2772.56,55.24
2024-05-31 04:00:00,133.9,569.59,963.26,253.33,2769.94,55.94
2024-06-03 04:00:00,133.65,573.16,956.61,253.03,2772.62,55.57
2024-06-04 04:00:00,134.76,573.73,970.3,255.22,2790.98,53.7
2024-06-05 04:00:00,135.34,579.6,976.86,253.09,2776.28,54.06
2024-06-06 04:00:00,134.86,586.11,982.42,251.64,2764.69,54.92
2024-06-07 04:00:00,133.79,586.9,978.7,253.53,2800.7,52.9
2024-06-10 04:00:00,133.88,591.28,975.14,255.17,2780.95,51.71
2024-06-11 04:00:00,134.59,591.29,1000.03,256.12,2811.03,51.64
2024-06-12 04:00:00,136.05,584.79,1004.24,258.88,2817.93,51.94
2024-06-13 04:00:00,135.26,591.07,995.78,260.78,2813.4,51.58
2024-06-14 04:00:00,135.67,589.95,1007.31,258.24,2835.82,51.18
2024-06-17 04:00:00,136.2,597.45,1043.25,261.16,2938.83,52.04
2024-06-18 04:00:00,136.38,602.93,1056.65,261.87,2968.75,51.89
2024-06-20 04:00:00,137.11,603.24,1080.57,264.66,3008.23,52.37
2024-06-21 04:00:00,137.84,603.08,1081.79,264.6,2990.35,52.92
2024-06-24 04:00:00,138.72,607.81,1083.52,265.19,2985.44,52.91
2024-06-25 04:00:00,137.33,604.42,1057.79,259.9,2936.41,53.04
2024-06-26 04:00:00,137.39,599.56,1050.85,253.5,2929.7,53.64
2024-06-27 04:00:00,137.47,593.2,1057.42,260.13,2955.4,53.65
2024-06-28 04:00:00,136.89,584.04,1056.06,259.31,2964.1,53.94
2024-07-01 04:00:00,136.93,586.34,1016.32,259.22,2832.79,53.07
2024-07-02 04:00:00,140.82,584.83,1037.06,262.0,2870.0,52.77
2024-07-03 04:00:00,141.16,583.35,1020.54,262.63,2844.88,52.48
2024-07-05 04:00:00,140.79,587.76,1026.82,264.67,2815.0,52.44
2024-07-08 04:00:00,141.17,589.53,1022.79,264.54,2836.4,51.72
2024-07-09 04:00:00,142.46,586.81,1015.62,263.93,2817.06,50.72
2024-07-10 04:00:00,144.41,586.82,1028.19,267.8,2856.35,51.02
2024-07-11 04:00:00,147.15,575.23,1032.99,270.12,2881.9,52.27
2024-07-12 04:00:00,148.4,576.66,1040.11,271.05,2920.83,53.1
2024-07-15 04:00:00,147.82,578.26,1042.41,270.46,2941.46,52.9
2024-07-16 04:00:00,148.92,583.95,1043.52,267.62,2985.33,54.2
2024-07-17 04:00:00,149.41,582.06,1043.63,271.85,2984.11,55.54
2024-07-18 04:00:00,147.76,578.43,1028.09,270.53,2926.35,55.2
2024-07-19 04:00:00,147.68,580.13,1042.86,270.27,2950.4,54.78
2024-07-22 04:00:00,149.24,583.0,1057.1,271.76,2957.73,54.77
2024-07-23 04:00:00,148.57,585.74,1049.01,273.22,2921.53,54.39
2024-07-24 04:00:00,147.51,589.99,1050.71,274.32,2941.73,53.82
2024-07-25 04:00:00,149.03,595.73,1092.91,273.97,3030.97,55.28
2024-07-26 04:00:00,151.0,600.16,1110.31,283.58,3090.31,55.39
2024-07-29 04:00:00,151.16,606.71,1118.19,279.37,3072.66,55.46
2024-07-30 04:00:00,151.3,609.72,1140.9,285.0,3108.4,55.53
2024-07-31 04:00:00,151.56,617.02,1126.34,283.49,3133.69,56.1
2024-08-01 04:00:00,151.0,629.09,1133.4,287.12,3148.36,53.0
2024-08-02 04:00:00,149.85,630.38,1137.02,287.14,3177.67,51.58
2024-08-05 04:00:00,148.78,612.95,1105.52,278.32,3112.43,51.31
2024-08-06 04:00:00,150.51,614.32,1111.3,281.25,3119.59,51.18
2024-08-07 04:00:00,151.12,617.51,1109.05,281.64,3084.34,50.78
2024-08-08 04:00:00,153.76,547.51,1120.9,282.84,3157.02,51.55
2024-08-09 04:00:00,154.08,541.15,1124.41,282.75,3120.25,51.56
2024-08-12 04:00:00,153.89,551.0,1121.07,281.6,3148.6,51.22
2024-08-13 04:00:00,154.66,551.75,1114.72,281.21,3155.91,51.73
2024-08-14 04:00:00,156.12,552.83,1129.22,284.7,3196.42,51.99
2024-08-15 04:00:00,155.5,545.41,1115.89,284.4,3168.94,52.76
2024-08-16 04:00:00,156.54,547.71,1119.52,285.08,3212.87,53.8
2024-08-19 04:00:00,157.27,548.4,1121.5,286.55,3172.18,54.31
2024-08-20 04:00:00,157.75,548.52,1126.57,288.25,3186.81,53.6
2024-08-21 04:00:00,158.11,558.24,1138.16,289.51,3202.22,54.28
2024-08-22 04:00:00,158.6,560.9,1127.67,291.82,3170.89,54.55
2024-08-23 04:00:00,160.01,552.15,1116.57,287.83,3125.67,55.58
2024-08-26 04:00:00,160.31,547.47,1120.28,286.78,3157.1,55.65
2024-08-27 04:00:00,160.6,550.72,1127.73,290.06,3181.85,55.56
2024-08-28 04:00:00,160.77,556.7,1138.7,290.87,3196.7,56.0
2024-08-29 04:00:00,160.22,556.15,1138.47,291.47,3204.73,57.0
2024-08-30 04:00:00,161.55,561.08,1129.97,292.57,3181.48,57.3
2024-09-03 04:00:00,161.44,573.95,1136.81,294.49,3139.67,55.57
2024-09-04 04:00:00,162.43,571.28,1137.73,297.75,3166.71,55.5
2024-09-05 04:00:00,162.6,514.75,1137.59,295.55,3141.17,55.11
2024-09-06 04:00:00,160.49,504.17,1119.18,294.19,3092.56,55.33
2024-09-09 04:00:00,161.7,509.42,1124.02,298.94,3120.5,55.8
2024-09-10 04:00:00,161.97,505.73,1129.43,298.82,3132.27,55.38
2024-09-11 04:00:00,159.99,510.45,1112.63,294.65,3119.31,55.15
2024-09-12 04:00:00,161.14,511.17,1119.93,296.6,3104.76,55.7
2024-09-13 04:00:00,161.36,518.81,1125.48,297.39,3123.36,56.63
2024-09-16 04:00:00,161.91,519.82,1130.72,299.55,3101.04,56.27
2024-09-17 04:00:00,162.81,513.91,1127.92,295.94,3078.31,57.04
2024-09-18 04:00:00,161.22,511.62,1133.19,291.18,3074.71,57.44
2024-09-19 04:00:00,158.87,508.16,1115.65,282.2,3040.09,58.6
2024-09-20 04:00:00,159.84,508.0,1109.05,276.06,3020.66,57.58
2024-09-23 04:00:00,159.95,505.0,1119.84,282.03,3048.82,58.0
2024-09-24 04:00:00,158.75,480.49,1129.22,279.33,3043.97,57.85
2024-09-25 04:00:00,159.45,479.14,1142.81,280.75,3108.97,57.15
2024-09-26 04:00:00,158.12,479.06,1159.62,277.99,3189.09,58.02
2024-09-27 04:00:00,158.62,488.25,1146.03,279.45,3196.61,58.58
2024-09-30 04:00:00,160.64,494.42,1151.6,281.37,3150.04,58.79
2024-10-01 04:00:00,161.14,498.48,1161.99,286.3,3172.98,57.99
2024-10-02 04:00:00,160.92,488.78,1154.92,285.91,3083.43,58.64
2024-10-03 04:00:00,163.26,482.27,1149.31,286.06,3066.92,58.09
2024-10-04 04:00:00,162.76,485.42,1154.9,289.62,3033.58,58.33
2024-10-07 04:00:00,159.54,483.67,1151.42,286.9,3053.45,57.46
2024-10-08 04:00:00,162.09,495.09,1167.53,293.16,3102.09,56.89
2024-10-09 04:00:00,161.74,502.12,1177.16,294.94,3146.07,56.5
2024-10-10 04:00:00,160.65,506.25,1171.36,285.7,3106.55,56.55
2024-10-11 04:00:00,162.57,505.59,1187.53,287.91,3129.78,56.84
2024-10-14 04:00:00,164.38,509.28,1202.59,289.71,3153.04,57.76
2024-10-15 04:00:00,165.18,513.67,1190.0,287.57,3100.0,57.3
2024-10-16 04:00:00,165.13,510.93,1198.9,289.52,3128.64,58.95
2024-10-17 04:00:00,164.81,508.72,1204.22,290.76,3158.0,58.95
2024-10-18 04:00:00,166.83,509.2,1210.96,289.25,3182.07,59.41
2024-10-21 04:00:00,166.34,508.32,1219.01,289.62,3218.48,59.25
2024-10-22 04:00:00,165.94,505.38,1205.38,287.22,3172.05,59.12
2024-10-23 04:00:00,165.0,501.76,1199.25,288.93,3196.55,60.79
2024-10-24 04:00:00,166.9,504.96,1199.77,287.55,3153.25,60.78
2024-10-25 04:00:00,165.31,507.41,1195.22,282.97,3130.96,60.35
2024-10-28 04:00:00,166.44,508.95,1197.11,285.99,3105.93,61.13
2024-10-29 04:00:00,166.72,499.18,1175.9,285.12,3060.89,60.79
2024-10-30 04:00:00,166.53,499.34,1162.21,284.48,3017.98,61.57
2024-10-31 04:00:00,155.87,500.59,1153.14,281.2,3009.0,60.92
2024-11-01 04:00:00,154.64,526.34,1146.59,280.4,2981.19,60.86
2024-11-04 05:00:00,154.49,525.94,1157.56,281.65,3046.35,61.21
2024-11-05 05:00:00,157.85,525.28,1162.33,283.14,3059.83,61.75
2024-11-06 05:00:00,155.79,549.31,1234.15,290.68,3196.38,61.74
2024-11-07 05:00:00,156.11,607.51,1214.51,290.56,3150.18,58.64
2024-11-08 05:00:00,156.42,613.0,1217.7,294.77,3110.12,58.33
2024-11-11 05:00:00,157.08,615.59,1228.52,292.72,3173.4,58.52
2024-11-12 05:00:00,156.06,617.66,1236.85,295.27,3175.72,57.13
2024-11-13 05:00:00,155.84,624.6,1238.78,298.32,3161.87,57.66
2024-11-14 05:00:00,156.47,610.16,1224.4,294.71,3136.06,57.41
2024-11-15 05:00:00,155.55,606.29,1213.37,294.58,3107.53,55.21
2024-11-18 05:00:00,157.69,615.6,1216.67,293.59,3166.93,56.99
2024-11-19 05:00:00,157.93,615.65,1200.59,292.49,3106.91,58.24
2024-11-20 05:00:00,155.77,621.14,1188.87,295.88,3049.58,58.76
2024-11-21 05:00:00,158.35,628.27,1204.74,302.44,3068.69,60.76
2024-11-22 05:00:00,159.29,623.19,1227.37,304.29,3099.38,61.23
2024-11-25 05:00:00,159.63,616.73,1238.76,306.39,3109.56,64.13
2024-11-26 05:00:00,160.49,625.0,1244.22,312.96,3144.21,63.25
2024-11-27 05:00:00,161.19,626.38,1244.01,315.16,3190.1,62.5
2024-11-29 05:00:00,160.96,628.5,1243.22,312.24,3169.54,62.24
2024-12-02 05:00:00,158.29,621.29,1246.82,307.96,3179.52,62.23
2024-12-03 05:00:00,156.26,617.95,1247.99,309.81,3189.5,62.0
2024-12-04 05:00:00,156.1,611.99,1242.92,307.26,3189.98,61.17
2024-12-05 05:00:00,156.37,607.52,1234.81,303.58,3190.07,60.78
2024-12-06 05:00:00,155.93,603.53,1257.78,296.71,3309.44,59.49
2024-12-09 05:00:00,156.07,591.9,1254.9,291.85,3324.01,59.74
2024-12-10 05:00:00,158.41,583.96,1266.35,283.74,3347.16,59.42
2024-12-11 05:00:00,158.18,576.69,1269.01,283.58,3342.72,59.78
2024-12-12 05:00:00,156.55,579.29,1269.72,281.19,3340.48,59.3
2024-12-13 05:00:00,155.58,576.24,1270.6,284.59,3370.27,59.49
2024-12-16 05:00:00,154.58,570.07,1268.86,286.0,3350.13,58.95
2024-12-17 05:00:00,152.79,562.78,1246.08,282.91,3319.11,58.57
2024-12-18 05:00:00,149.6,570.98,1225.14,278.49,3238.52,56.41
2024-12-19 05:00:00,148.29,579.22,1214.39,279.09,3215.29,56.16
2024-12-20 05:00:00,150.31,579.74,1219.11,283.1,3253.47,57.48
2024-12-23 05:00:00,150.16,576.76,1207.26,284.51,3242.23,56.92
2024-12-24 05:00:00,150.46,579.13,1221.65,288.35,3283.48,57.48
2024-12-26 05:00:00,151.02,578.43,1206.78,288.36,3241.25,57.43
2024-12-27 05:00:00,150.32,576.64,1197.35,286.54,3241.62,57.24
2024-12-30 05:00:00,149.37,570.75,1179.92,284.46,3185.71,56.56
2024-12-31 05:00:00,149.01,569.91,1185.8,283.85,3202.0,56.96
2025-01-02 05:00:00,149.34,566.21,1187.71,275.89,3250.0,56.34
2025-01-03 05:00:00,149.84,577.44,1204.22,280.4,3268.78,55.94
2025-01-06 05:00:00,146.58,580.43,1210.47,276.42,3293.46,56.94
2025-01-07 05:00:00,146.44,585.24,1199.72,279.77,3259.91,57.03
2025-01-08 05:00:00,146.57,590.26,1205.74,285.5,3303.35,57.15
2025-01-10 05:00:00,142.8,581.74,1197.6,287.01,3251.32,57.09
2025-01-13 05:00:00,143.89,585.08,1210.14,285.81,3239.62,59.93
2025-01-14 05:00:00,145.25,593.73,1204.33,289.11,3227.8,60.89
2025-01-15 05:00:00,148.24,583.45,1204.04,290.19,3206.05,60.92
2025-01-16 05:00:00,150.23,595.19,1204.72,295.79,3193.96,61.63
2025-01-17 05:00:00,149.11,592.57,1216.79,294.82,3228.4,62.32
2025-01-21 05:00:00,151.72,586.08,1241.08,296.77,3297.72,63.12
2025-01-22 05:00:00,154.17,584.38,1241.33,293.5,3326.01,62.51
2025-01-23 05:00:00,157.68,597.17,1261.62,288.0,3373.57,64.19
2025-01-24 05:00:00,157.47,591.58,1254.0,289.51,3332.53,63.96
2025-01-27 05:00:00,160.83,604.43,1282.53,296.0,3372.82,64.47
2025-01-28 05:00:00,158.84,602.95,1278.34,293.41,3318.58,64.28
2025-01-29 05:00:00,157.22,603.18,1288.08,294.1,3314.05,65.0
2025-01-30 05:00:00,159.44,604.6,1310.16,299.03,3351.01,66.15
2025-01-31 05:00:00,159.83,594.75,1294.42,301.82,3350.21,65.27
2025-02-03 05:00:00,160.39,599.82,1316.06,309.0,3432.2,64.61
2025-02-04 05:00:00,159.32,603.32,1334.19,312.21,3459.0,65.7
2025-02-05 05:00:00,160.7,606.9,1348.24,316.3,3474.08,63.82
2025-02-06 05:00:00,167.68,599.75,1330.74,319.99,3466.69,62.36
2025-02-07 05:00:00,166.83,595.69,1316.75,322.33,3420.19,62.34
2025-02-10 05:00:00,167.12,603.4,1310.02,324.29,3427.55,62.21
2025-02-11 05:00:00,166.94,610.41,1323.94,322.0,3445.79,62.97
2025-02-12 05:00:00,166.56,595.0,1324.3,324.61,3432.96,62.06
2025-02-13 05:00:00,168.57,602.47,1335.68,328.56,3469.71,62.86
2025-02-14 05:00:00,166.71,593.69,1318.8,321.5,3458.55,63.96
2025-02-18 05:00:00,166.5,599.42,1295.82,326.3,3384.43,64.46
2025-02-19 05:00:00,166.96,602.74,1295.8,327.33,3396.46,63.64
2025-02-20 05:00:00,166.79,603.51,1312.44,325.13,3406.66,63.83
2025-02-21 05:00:00,167.87,597.71,1303.41,325.56,3368.98,62.76
2025-02-24 05:00:00,168.42,605.76,1314.91,328.49,3401.0,62.61
2025-02-25 05:00:00,171.21,627.08,1346.58,331.83,3425.6,62.98
2025-02-26 05:00:00,171.17,623.62,1330.42,328.33,3392.97,62.8
2025-02-27 05:00:00,170.84,620.85,1353.46,333.17,3444.69,62.82
2025-02-28 05:00:00,173.23,640.26,1373.64,337.74,3493.01,62.98
2025-03-03 05:00:00,173.2,644.53,1375.99,341.8,3477.76,60.4
2025-03-04 05:00:00,169.85,643.69,1356.77,337.27,3473.66,59.8
2025-03-05 05:00:00,171.61,639.62,1339.67,340.79,3555.88,61.16
2025-03-06 05:00:00,169.65,641.69,1331.06,339.85,3615.79,60.86
2025-03-07 05:00:00,170.24,644.22,1319.01,324.0,3614.97,60.56
2025-03-10 04:00:00,169.15,658.84,1346.58,321.85,3690.12,60.24
2025-03-11 04:00:00,168.36,653.19,1324.06,325.75,3562.76,59.97
2025-03-12 04:00:00,169.02,640.66,1309.29,325.08,3547.13,59.0
2025-03-13 04:00:00,169.14,643.69,1289.49,322.85,3545.65,58.59
2025-03-14 04:00:00,171.06,650.43,1327.41,325.24,3554.91,59.82
2025-03-17 04:00:00,172.82,655.25,1347.99,329.14,3620.82,61.58
2025-03-18 04:00:00,172.84,661.61,1338.75,329.66,3614.27,61.58
2025-03-19 04:00:00,173.69,663.79,1340.09,326.64,3591.61,62.46
2025-03-20 04:00:00,175.59,666.36,1343.15,334.44,3573.38,61.83
2025-03-21 04:00:00,174.39,661.17,1339.09,331.79,3606.34,61.72
2025-03-24 04:00:00,175.25,660.86,1362.74,337.67,3657.82,62.07
2025-03-25 04:00:00,175.63,663.6,1375.48,337.36,3672.23,61.85
2025-03-26 04:00:00,175.76,663.02,1380.98,336.73,3681.68,62.7
2025-03-27 04:00:00,176.36,665.67,1423.62,341.0,3828.11,62.44
2025-03-28 04:00:00,174.71,668.06,1408.55,340.76,3771.0,61.06
2025-03-31 04:00:00,172.5,672.99,1432.58,345.24,3812.78,62.93
2025-04-01 04:00:00,171.49,673.69,1431.8,343.86,3813.27,63.55
2025-04-02 04:00:00,170.44,693.53,1417.01,344.07,3809.26,64.0
2025-04-03 04:00:00,167.56,716.93,1441.89,344.4,3826.15,61.3
2025-04-04 04:00:00,156.74,683.11,1389.87,319.25,3653.24,55.79
2025-04-07 04:00:00,154.65,661.97,1333.84,310.86,3478.38,55.57
2025-04-08 04:00:00,151.62,652.83,1315.2,311.53,3499.08,55.52
2025-04-09 04:00:00,156.81,671.76,1348.45,323.82,3575.12,58.56
2025-04-10 04:00:00,155.19,679.33,1373.36,325.72,3615.24,57.94
2025-04-11 04:00:00,155.91,689.36,1389.79,334.02,3659.6,59.28
2025-04-14 04:00:00,159.79,693.98,1414.2,342.92,3680.78,60.29
2025-04-15 04:00:00,159.95,692.86,1397.93,335.56,3631.17,59.7
2025-04-16 04:00:00,158.44,694.7,1364.36,332.66,3566.86,59.2
2025-04-17 04:00:00,158.64,697.08,1390.9,329.22,3603.47,59.74
2025-04-21 04:00:00,155.03,682.49,1368.5,319.4,3569.24,59.12
2025-04-22 04:00:00,160.68,695.17,1393.54,330.75,3678.66,60.65
2025-04-23 04:00:00,160.99,692.27,1380.5,331.79,3652.11,61.07
2025-04-24 04:00:00,162.98,688.43,1352.17,331.52,3609.65,61.71
2025-04-25 04:00:00,163.23,695.0,1347.0,322.3,3609.33,61.47
2025-04-28 04:00:00,163.48,699.73,1370.16,323.81,3617.91,61.56
2025-04-29 04:00:00,166.33,707.28,1399.23,317.14,3704.95,61.8
2025-04-30 04:00:00,167.97,712.79,1415.2,320.69,3762.6,61.99
2025-05-01 04:00:00,170.84,706.77,1407.68,317.64,3732.92,62.02
2025-05-02 04:00:00,173.45,708.41,1406.36,331.08,3756.33,62.63
2025-05-05 04:00:00,173.98,707.0,1387.14,334.86,3775.55,62.41
2025-05-06 04:00:00,175.19,711.07,1386.64,338.27,3747.02,62.45
2025-05-07 04:00:00,176.53,722.37,1378.09,339.55,3745.54,62.48
2025-05-08 04:00:00,176.47,690.25,1360.15,338.47,3674.73,66.86
2025-05-09 04:00:00,178.41,694.24,1355.04,336.505,3652.87,67.5
